Tribunal,Data_de_Referencia,Processo
TRT8,2024-12-23,0001199-25.2024.5.08.0113
TRT8,2024-12-20,0000005-30.2023.5.08.0111
TRT8,2024-12-19,0000438-13.2023.5.08.0118
TRT8,2024-12-19,0000776-07.2020.5.08.0113
TRT8,2024-12-19,0000824-54.2024.5.08.0103
TRT8,2024-12-19,0000677-13.2024.5.08.0011
TRT8,2024-12-19,0001032-08.2024.5.08.0113
TRT8,2024-12-18,0001476-20.2024.5.08.0120
TRT8,2024-12-18,0000032-29.2022.5.08.0117
TRT8,2024-12-18,0000930-92.2024.5.08.0207
TRT8,2024-12-17,0000550-67.2022.5.08.0101
TRT8,2024-12-17,0001118-97.2024.5.08.0106
TRT8,2024-12-17,0000400-98.2023.5.08.0118
TRT8,2024-12-17,0001011-56.2024.5.08.0105
TRT8,2024-12-17,0000061-08.2024.5.08.0118
TRT8,2024-12-17,0000976-39.2024.5.08.0124
TRT8,2024-12-17,0000526-15.2023.5.08.0130
TRT8,2024-12-16,0000734-34.2024.5.08.0010
TRT8,2024-12-16,0000230-28.2024.5.08.0107
TRT8,2024-12-15,0000720-52.2021.5.08.0205
TRT8,2024-12-13,0000944-73.2024.5.08.0111
TRT8,2024-12-12,0000040-74.2024.5.08.0007
TRT8,2024-12-12,0001127-38.2024.5.08.0113
TRT8,2024-12-12,0000387-04.2024.5.08.0106
TRT8,2024-12-12,0000500-55.2024.5.08.0106
TRT8,2024-12-12,0000834-71.2024.5.08.0015
TRT8,2024-12-11,0000782-96.2024.5.08.0105
TRT8,2024-12-11,0000065-38.2020.5.08.0101
TRT8,2024-12-11,0000074-05.2023.5.08.0130
TRT8,2024-12-11,0000500-55.2024.5.08.0106
TRT8,2024-12-11,0001015-69.2024.5.08.0113
TRT8,2024-12-11,0000362-79.2024.5.08.0109
TRT8,2024-12-11,0001079-95.2023.5.08.0119
TRT8,2024-12-11,0000620-22.2024.5.08.0002
TRT8,2024-12-11,0000410-56.2024.5.08.0103
TRT8,2024-12-10,0000740-32.2024.5.08.0110
TRT8,2024-12-10,0001111-84.2024.5.08.0113
TRT8,2024-12-10,0000388-50.2024.5.08.0118
TRT8,2024-12-10,0001363-51.2024.5.08.0125
TRT8,2024-12-10,0001005-34.2024.5.08.0110
TRT8,2024-12-10,0000387-04.2024.5.08.0106
TRT8,2024-12-10,0000937-76.2023.5.08.0124
TRT8,2024-12-10,0000176-93.2024.5.08.0129
TRT8,2024-12-09,0000380-55.2024.5.08.0124
TRT8,2024-12-09,0000191-10.2024.5.08.0114
TRT8,2024-12-09,0000104-09.2023.5.08.0108
TRT8,2024-12-09,0000654-38.2023.5.08.0129
TRT8,2024-12-09,0000819-41.2024.5.08.0003
TRT8,2024-12-09,0000438-21.2024.5.08.0104
TRT8,2024-12-09,0000665-93.2019.5.08.0101
TRT8,2024-12-09,0000776-89.2024.5.08.0105
TRT8,2024-12-06,0000730-37.2024.5.08.0126
TRT8,2024-12-06,0000441-58.2024.5.08.0109
TRT8,2024-12-06,0000392-22.2022.5.08.0130
TRT8,2024-12-05,0000380-55.2024.5.08.0124
TRT8,2024-12-05,0000172-94.2021.5.08.0118
TRT8,2024-12-04,0000526-15.2023.5.08.0130
TRT8,2024-12-04,0000289-28.2024.5.08.0103
TRT8,2024-12-04,0000885-34.2024.5.08.0128
TRT8,2024-12-04,0000281-22.2022.5.08.0103
TRT8,2024-12-04,0000809-89.2023.5.08.0113
TRT8,2024-12-04,0000220-30.2023.5.08.0103
TRT8,2024-12-03,0000463-65.2024.5.08.0126
TRT8,2024-12-03,0000924-82.2024.5.08.0111
TRT8,2024-12-03,0000051-91.2024.5.08.0011
TRT8,2024-12-03,0000248-31.2024.5.08.0113
TRT8,2024-12-03,0000240-51.2024.5.08.0017
TRT8,2024-12-03,0000080-60.2023.5.08.0114
TRT8,2024-12-03,0000341-43.2023.5.08.0205
TRT8,2024-12-03,0000782-63.2024.5.08.0116
TRT8,2024-12-03,0000363-89.2023.5.08.0209
TRT8,2024-12-02,0000271-53.2023.5.08.0002
TRT8,2024-12-02,0000781-14.2024.5.08.0105
TRT8,2024-12-02,0000363-47.2023.5.08.0126
TRT8,2024-12-02,0000289-28.2024.5.08.0103
TRT8,2024-12-02,0000968-95.2024.5.08.0113
TRT8,2024-12-02,0001073-51.2024.5.08.0120
TRT8,2024-12-02,0001258-71.2024.5.08.0126
TRT8,2024-12-02,0000113-94.2021.5.08.0122
TRT8,2024-12-01,0000279-77.2021.5.08.0106
TRT8,2024-11-29,0000489-78.2024.5.08.0121
TRT8,2024-11-29,0000605-18.2022.5.08.0101
TRT8,2024-11-29,0000007-87.2024.5.08.0103
TRT8,2024-11-29,0000330-88.2021.5.08.0106
TRT8,2024-11-29,0001036-39.2024.5.08.0115
TRT8,2024-11-28,0000358-94.2023.5.08.0103
TRT8,2024-11-28,0000688-44.2021.5.08.0012
TRT8,2024-11-28,0000218-06.2022.5.08.0003
TRT8,2024-11-28,0000283-10.2023.5.08.0118
TRT8,2024-11-28,0000697-32.2023.5.08.0013
TRT8,2024-11-28,0000639-11.2023.5.08.0116
TRT8,2024-11-28,0000074-86.2024.5.08.0124
TRT8,2024-11-27,0001038-62.2022.5.08.0120
TRT8,2024-11-27,0000892-08.2023.5.08.0210
TRT8,2024-11-27,0000803-03.2024.5.08.0128
TRT8,2024-11-27,0000235-90.2023.5.08.0105
TRT8,2024-11-27,0000569-03.2023.5.08.0113
TRT8,2024-11-26,0001377-76.2017.5.08.0126
TRT8,2024-11-26,0000557-88.2024.5.08.0004
TRT8,2024-11-26,0000151-89.2024.5.08.0126
TRT8,2024-11-25,0000382-76.2024.5.08.0107
TRT8,2024-11-25,0000743-66.2024.5.08.0019
TRT8,2024-11-25,0000818-32.2024.5.08.0011
TRT8,2024-11-25,0000575-56.2023.5.08.0130
TRT8,2024-11-25,0000741-39.2023.5.08.0114
TRT8,2024-11-25,0000046-22.2022.5.08.0114
TRT8,2024-11-22,0001044-23.2023.5.08.0124
TRT8,2024-11-22,0000240-51.2024.5.08.0017
TRT8,2024-11-22,0000802-46.2017.5.08.0004
TRT8,2024-11-22,0000808-76.2024.5.08.0111
TRT8,2024-11-22,0001298-31.2024.5.08.0101
TRT8,2024-11-22,0000835-74.2024.5.08.0106
TRT8,2024-11-21,0000277-69.2024.5.08.0117
TRT8,2024-11-21,0000868-46.2024.5.08.0015
TRT8,2024-11-19,0000387-41.2024.5.08.0126
TRT8,2024-11-19,0001024-25.2024.5.08.0115
TRT8,2024-11-19,0000687-97.2019.5.08.0119
TRT8,2024-11-19,0001158-38.2023.5.08.0131
TRT8,2024-11-19,0001108-90.2024.5.08.0126
TRT8,2024-11-19,0000370-17.2024.5.08.0122
TRT8,2024-11-19,0000956-59.2021.5.08.0122
TRT8,2024-11-18,0000714-90.2022.5.08.0114
TRT8,2024-11-18,0000080-60.2023.5.08.0114
TRT8,2024-11-18,0000709-19.2022.5.08.0001
TRT8,2024-11-18,0000366-49.2024.5.08.0002
TRT8,2024-11-18,0000013-23.2022.5.08.0117
TRT8,2024-11-18,0001098-68.2023.5.08.0130
TRT8,2024-11-18,0000840-30.2024.5.08.0128
TRT8,2024-11-18,0000615-40.2024.5.08.0118
TRT8,2024-11-14,0000840-81.2024.5.08.0208
TRT8,2024-11-14,0000818-32.2024.5.08.0011
TRT8,2024-11-14,0000779-73.2022.5.08.0118
TRT8,2024-11-14,0001213-25.2023.5.08.0119
TRT8,2024-11-13,0000825-43.2023.5.08.0016
TRT8,2024-11-13,0000406-53.2023.5.08.0103
TRT8,2024-11-13,0000973-32.2024.5.08.0206
TRT8,2024-11-13,0000314-33.2023.5.08.0117
TRT8,2024-11-13,0000553-79.2023.5.08.0103
TRT8,2024-11-12,0000110-61.2024.5.08.0114
TRT8,2024-11-12,0000686-57.2024.5.08.0016
TRT8,2024-11-12,0000297-78.2024.5.08.0208
TRT8,2024-11-12,0000355-60.2024.5.08.0118
TRT8,2024-11-12,0000553-79.2023.5.08.0103
TRT8,2024-11-12,0000825-61.2024.5.08.0128
TRT8,2024-11-12,0000125-65.2022.5.08.0125
TRT8,2024-11-12,0000080-38.2024.5.08.0110
TRT8,2024-11-11,0000471-04.2022.5.08.0129
TRT8,2024-11-11,0000074-05.2023.5.08.0130
TRT8,2024-11-11,0000297-78.2024.5.08.0208
TRT8,2024-11-08,0000410-63.2019.5.08.0125
TRT8,2024-11-08,0000292-80.2024.5.08.0103
TRT8,2024-11-08,0000580-62.2023.5.08.0103
TRT8,2024-11-08,0000266-98.2023.5.08.0206
TRT8,2024-11-06,0000444-92.2024.5.08.0115
TRT8,2024-11-06,0000829-47.2023.5.08.0124
TRT8,2024-11-06,0001311-97.2024.5.08.0208
TRT8,2024-11-06,0001008-10.2016.5.08.0129
TRT8,2024-11-06,0000261-18.2024.5.08.0117
TRT8,2024-11-06,0000461-54.2022.5.08.0130
TRT8,2024-11-05,0000290-89.2024.5.08.0207
TRT8,2024-11-05,0000240-51.2024.5.08.0017
TRT8,2024-11-05,0000182-36.2024.5.08.0118
TRT8,2024-11-05,0000773-74.2023.5.08.0007
TRT8,2024-11-04,0000387-04.2024.5.08.0106
TRT8,2024-11-04,0000274-43.2022.5.08.0131
TRT8,2024-11-04,0000596-92.2023.5.08.0110
TRT8,2024-11-04,0000662-78.2023.5.08.0205
TRT8,2024-11-01,0000089-87.2021.5.08.0115
TRT8,2024-10-31,0000547-76.2022.5.08.0113
TRT8,2024-10-31,0000109-22.2024.5.08.0132
TRT8,2024-10-31,0000055-30.2022.5.08.0131
TRT8,2024-10-31,0000419-97.2024.5.08.0206
TRT8,2024-10-30,0000125-33.2024.5.08.0113
TRT8,2024-10-30,0000325-74.2023.5.08.0113
TRT8,2024-10-30,0000261-18.2024.5.08.0117
TRT8,2024-10-30,0000653-23.2022.5.08.0118
TRT8,2024-10-30,0000109-22.2024.5.08.0132
TRT8,2024-10-30,0000782-45.2023.5.08.0101
TRT8,2024-10-30,0000677-13.2024.5.08.0011
TRT8,2024-10-30,0000615-40.2024.5.08.0118
TRT8,2024-10-30,0000615-40.2024.5.08.0118
TRT8,2024-10-29,0000134-08.2022.5.08.0002
TRT8,2024-10-29,0000742-36.2023.5.08.0013
TRT8,2024-10-29,0000677-11.2023.5.08.0120
TRT8,2024-10-29,0000814-05.2023.5.08.0116
TRT8,2024-10-29,0000325-74.2023.5.08.0113
TRT8,2024-10-28,0000516-55.2019.5.08.0018
TRT8,2024-10-28,0000526-15.2023.5.08.0130
TRT8,2024-10-26,0000461-54.2022.5.08.0130
TRT8,2024-10-25,0000172-97.2017.5.08.0130
TRT8,2024-10-25,0000662-29.2024.5.08.0210
TRT8,2024-10-25,0000794-59.2023.5.08.0101
TRT8,2024-10-25,0000831-80.2024.5.08.0124
TRT8,2024-10-25,0000172-08.2023.5.08.0124
TRT8,2024-10-24,0001049-03.2017.5.08.0012
TRT8,2024-10-24,0000080-08.2024.5.08.0120
TRT8,2024-10-23,0000492-70.2023.5.08.0120
TRT8,2024-10-23,0001176-92.2023.5.08.0120
TRT8,2024-10-23,0000923-25.2023.5.08.0114
TRT8,2024-10-23,0000067-59.2022.5.08.0126
TRT8,2024-10-23,0001123-59.2024.5.08.0126
TRT8,2024-10-22,0000827-88.2024.5.08.0109
TRT8,2024-10-22,0000623-89.2020.5.08.0107
TRT8,2024-10-22,0000997-66.2019.5.08.0002
TRT8,2024-10-22,0000324-98.2023.5.08.0110
TRT8,2024-10-22,0000267-37.2024.5.08.0113
TRT8,2024-10-21,0000601-83.2024.5.08.0206
TRT8,2024-10-21,0000500-55.2024.5.08.0106
TRT8,2024-10-21,0000639-56.2023.5.08.0004
TRT8,2024-10-21,0000045-78.2024.5.08.0110
TRT8,2024-10-21,0000331-78.2023.5.08.0017
TRT8,2024-10-21,0000677-70.2020.5.08.0005
TRT8,2024-10-21,0000442-52.2024.5.08.0106
TRT8,2024-10-21,0000580-34.2024.5.08.0101
TRT8,2024-10-21,0000522-97.2021.5.08.0113
TRT8,2024-10-21,0001187-72.2024.5.08.0125
TRT8,2024-10-21,0000440-80.2023.5.08.0118
TRT8,2024-10-18,0000080-38.2024.5.08.0110
TRT8,2024-10-18,0000442-52.2024.5.08.0106
TRT8,2024-10-18,0000994-78.2024.5.08.0118
TRT8,2024-10-18,0001109-07.2016.5.08.0013
TRT8,2024-10-17,0000994-78.2024.5.08.0118
TRT8,2024-10-17,0000986-50.2023.5.08.0114
TRT8,2024-10-17,0000663-03.2023.5.08.0128
TRT8,2024-10-17,0000062-25.2022.5.08.0130
TRT8,2024-10-17,0000600-69.2023.5.08.0130
TRT8,2024-10-17,0000150-25.2024.5.08.0120
TRT8,2024-10-17,0000040-23.2024.5.08.0121
TRT8,2024-10-16,0000725-84.2015.5.08.0011
TRT8,2024-10-16,0000082-60.2023.5.08.0201
TRT8,2024-10-16,0000663-03.2023.5.08.0128
TRT8,2024-10-16,0001109-07.2016.5.08.0013
TRT8,2024-10-16,0000801-51.2024.5.08.0122
TRT8,2024-10-16,0000426-10.2024.5.08.0103
TRT8,2024-10-15,0000392-48.2023.5.08.0013
TRT8,2024-10-15,0000410-63.2019.5.08.0125
TRT8,2024-10-15,0000744-72.2024.5.08.0109
TRT8,2024-10-15,0000385-10.2024.5.08.0017
TRT8,2024-10-15,0000664-84.2024.5.08.0117
TRT8,2024-10-12,0000274-43.2022.5.08.0131
TRT8,2024-10-11,0000545-68.2024.5.08.0103
TRT8,2024-10-11,0000863-55.2023.5.08.0113
TRT8,2024-10-11,0000099-64.2022.5.08.0126
TRT8,2024-10-11,0000610-97.2024.5.08.0124
TRT8,2024-10-10,0000410-56.2024.5.08.0103
TRT8,2024-10-10,0000005-24.2023.5.08.0113
TRT8,2024-10-09,0000160-90.2024.5.08.0016
TRT8,2024-10-09,0000728-12.2024.5.08.0015
TRT8,2024-10-09,0000567-18.2023.5.08.0118
TRT8,2024-10-09,0000461-72.2022.5.08.0124
TRT8,2024-10-09,0000487-26.2014.5.08.0003
TRT8,2024-10-09,0000292-41.2024.5.08.0019
TRT8,2024-10-09,0001119-51.2017.5.08.0131
TRT8,2024-10-09,0000292-80.2024.5.08.0103
TRT8,2024-10-09,0000454-75.2024.5.08.0103
TRT8,2024-10-08,0000055-30.2022.5.08.0131
TRT8,2024-10-08,0000072-53.2022.5.08.0006
TRT8,2024-10-08,0000515-10.2023.5.08.0122
TRT8,2024-10-07,0000628-21.2024.5.08.0124
TRT8,2024-10-07,0000190-22.2024.5.08.0115
TRT8,2024-10-07,0000765-18.2023.5.08.0001
TRT8,2024-10-07,0000664-84.2024.5.08.0117
TRT8,2024-10-07,0000520-10.2024.5.08.0118
TRT8,2024-10-07,0000452-27.2024.5.08.0129
TRT8,2024-10-07,0000321-42.2024.5.08.0003
TRT8,2024-10-07,0000335-84.2024.5.08.0113
TRT8,2024-10-07,0000520-10.2024.5.08.0118
TRT8,2024-10-04,0000428-65.2024.5.08.0107
TRT8,2024-10-04,0000353-38.2024.5.08.0103
TRT8,2024-10-04,0000271-95.2024.5.08.0009
TRT8,2024-10-04,0000303-06.2024.5.08.0008
TRT8,2024-10-04,0000591-27.2024.5.08.0016
TRT8,2024-10-03,0000519-11.2022.5.08.0113
TRT8,2024-10-03,0000193-95.2024.5.08.0108
TRT8,2024-10-03,0000572-18.2024.5.08.0017
TRT8,2024-10-03,0001242-40.2016.5.08.0210
TRT8,2024-10-03,0000635-77.2023.5.08.0114
TRT8,2024-10-02,0000071-43.2024.5.08.0121
TRT8,2024-10-02,0000845-24.2024.5.08.0202
TRT8,2024-10-02,0000605-60.2024.5.08.0129
TRT8,2024-10-02,0000546-77.2021.5.08.0129
TRT8,2024-10-02,0000458-55.2023.5.08.0101
TRT8,2024-10-02,0000303-58.2024.5.08.0120
TRT8,2024-10-01,0000552-77.2022.5.08.0120
TRT8,2024-10-01,0000022-26.2024.5.08.0113
TRT8,2024-10-01,0000900-69.2024.5.08.0106
TRT8,2024-09-30,0000607-45.2024.5.08.0124
TRT8,2024-09-30,0000049-09.2024.5.08.0113
TRT8,2024-09-30,0000578-07.2023.5.08.0002
TRT8,2024-09-30,0001145-80.2024.5.08.0106
TRT8,2024-09-27,0000645-14.2024.5.08.0106
TRT8,2024-09-27,0000734-34.2024.5.08.0010
TRT8,2024-09-27,0000202-48.2024.5.08.0111
TRT8,2024-09-27,0000817-72.2023.5.08.0111
TRT8,2024-09-27,0001281-36.2017.5.08.0005
TRT8,2024-09-27,0000042-40.2021.5.08.0107
TRT8,2024-09-26,0000385-13.2024.5.08.0113
TRT8,2024-09-26,0000026-73.2022.5.08.0003
TRT8,2024-09-26,0000109-98.2019.5.08.0131
TRT8,2024-09-26,0000941-46.2023.5.08.0114
TRT8,2024-09-26,0001143-83.2024.5.08.0115
TRT8,2024-09-26,0000475-30.2024.5.08.0110
TRT8,2024-09-26,0000739-29.2024.5.08.0116
TRT8,2024-09-26,0000685-94.2023.5.08.0117
TRT8,2024-09-26,0000683-06.2023.5.08.0124
TRT8,2024-09-25,0000592-70.2024.5.08.0126
TRT8,2024-09-25,0000009-05.2020.5.08.0101
TRT8,2024-09-25,0000035-49.2024.5.08.0105
TRT8,2024-09-25,0000102-14.2024.5.08.0105
TRT8,2024-09-25,0001180-25.2020.5.08.0124
TRT8,2024-09-25,0000160-62.2020.5.08.0103
TRT8,2024-09-24,0001158-79.2024.5.08.0106
TRT8,2024-09-23,0000364-20.2023.5.08.0130
TRT8,2024-09-23,0000337-27.2024.5.08.0122
TRT8,2024-09-23,0000184-70.2023.5.08.0108
TRT8,2024-09-23,0000744-06.2024.5.08.0131
TRT8,2024-09-20,0000744-06.2024.5.08.0131
TRT8,2024-09-20,0000857-51.2023.5.08.0015
TRT8,2024-09-20,0000173-49.2021.5.08.0128
TRT8,2024-09-19,0000614-35.2022.5.08.0115
TRT8,2024-09-19,0010307-46.2017.5.08.0203
TRT8,2024-09-19,0000343-28.2023.5.08.0103
TRT8,2024-09-19,0000118-18.2023.5.08.0132
TRT8,2024-09-19,0000519-29.2023.5.08.0128
TRT8,2024-09-19,0000497-88.2024.5.08.0013
TRT8,2024-09-18,0001049-05.2024.5.08.0126
TRT8,2024-09-18,0000118-18.2023.5.08.0132
TRT8,2024-09-18,0000388-20.2024.5.08.0128
TRT8,2024-09-18,0000724-69.2024.5.08.0113
TRT8,2024-09-18,0000865-64.2023.5.08.0003
TRT8,2024-09-18,0000614-35.2022.5.08.0115
TRT8,2024-09-17,0000264-11.2021.5.08.0009
TRT8,2024-09-17,0000388-20.2024.5.08.0128
TRT8,2024-09-17,0000281-73.2023.5.08.0107
TRT8,2024-09-17,0000158-72.2024.5.08.0129
TRT8,2024-09-17,0000864-46.2023.5.08.0208
TRT8,2024-09-17,0000529-36.2024.5.08.0129
TRT8,2024-09-17,0000623-44.2024.5.08.0109
TRT8,2024-09-17,0001135-15.2024.5.08.0210
TRT8,2024-09-17,0000139-02.2024.5.08.0118
TRT8,2024-09-17,0000032-13.2024.5.08.0132
TRT8,2024-09-16,0000109-98.2019.5.08.0131
TRT8,2024-09-16,0000122-87.2024.5.08.0207
TRT8,2024-09-16,0000281-73.2023.5.08.0107
TRT8,2024-09-16,0000560-19.2024.5.08.0012
TRT8,2024-09-16,0000417-19.2023.5.08.0124
TRT8,2024-09-13,0000228-17.2023.5.08.0132
TRT8,2024-09-13,0000287-08.2023.5.08.0131
TRT8,2024-09-13,0001008-10.2016.5.08.0129
TRT8,2024-09-13,0001214-53.2017.5.08.0011
TRT8,2024-09-13,0001265-33.2023.5.08.0115
TRT8,2024-09-13,0000597-31.2024.5.08.0017
TRT8,2024-09-12,0000665-93.2019.5.08.0101
TRT8,2024-09-12,0000325-76.2024.5.08.0101
TRT8,2024-09-12,0000547-43.2017.5.08.0116
TRT8,2024-09-12,0000282-86.2023.5.08.0130
TRT8,2024-09-12,0000274-43.2022.5.08.0131
TRT8,2024-09-12,0000714-90.2022.5.08.0114
TRT8,2024-09-12,0000923-37.2023.5.08.0110
TRT8,2024-09-11,0000317-63.2024.5.08.0113
TRT8,2024-09-11,0000318-15.2023.5.08.0103
TRT8,2024-09-11,0000524-93.2023.5.08.0114
TRT8,2024-09-11,0000656-75.2022.5.08.0118
TRT8,2024-09-11,0001115-07.2023.5.08.0130
TRT8,2024-09-11,0000945-65.2023.5.08.0120
TRT8,2024-09-10,0000684-90.2024.5.08.0015
TRT8,2024-09-10,0000592-58.2024.5.08.0130
TRT8,2024-09-10,0000721-11.2024.5.08.0115
TRT8,2024-09-10,0000490-54.2024.5.08.0124
TRT8,2024-09-10,0000317-63.2024.5.08.0113
TRT8,2024-09-10,0000664-84.2024.5.08.0117
TRT8,2024-09-10,0000370-17.2024.5.08.0122
TRT8,2024-09-09,0000399-61.2024.5.08.0124
TRT8,2024-09-09,0000873-56.2024.5.08.0116
TRT8,2024-09-09,0000688-63.2024.5.08.0101
TRT8,2024-09-09,0000148-88.2024.5.08.0012
TRT8,2024-09-09,0000782-85.2022.5.08.0002
TRT8,2024-09-09,0000544-88.2021.5.08.0103
TRT8,2024-09-06,0000314-23.2024.5.08.0109
TRT8,2024-09-06,0000595-62.2023.5.08.0125
TRT8,2024-09-06,0000677-89.2020.5.08.0128
TRT8,2024-09-05,0000663-93.2023.5.08.0001
TRT8,2024-09-05,0010135-63.2016.5.08.0131
TRT8,2024-09-05,0000303-90.2021.5.08.0111
TRT8,2024-09-05,0000597-31.2024.5.08.0114
TRT8,2024-09-05,0000172-94.2021.5.08.0118
TRT8,2024-09-05,0000625-60.2023.5.08.0105
TRT8,2024-09-05,0000923-37.2023.5.08.0110
TRT8,2024-09-04,0000995-90.2024.5.08.0206
TRT8,2024-09-04,0000725-55.2023.5.08.0124
TRT8,2024-09-04,0000076-45.2022.5.08.0118
TRT8,2024-09-04,0000321-42.2024.5.08.0003
TRT8,2024-09-04,0000563-83.2024.5.08.0105
TRT8,2024-09-04,0000243-04.2022.5.08.0105
TRT8,2024-09-04,0000779-55.2022.5.08.0124
TRT8,2024-09-04,0000872-14.2023.5.08.0017
TRT8,2024-09-03,0000529-36.2024.5.08.0129
TRT8,2024-09-03,0000722-33.2023.5.08.0017
TRT8,2024-09-03,0001049-03.2017.5.08.0012
TRT8,2024-09-03,0000008-07.2022.5.08.0018
TRT8,2024-09-02,0000037-13.2024.5.08.0107
TRT8,2024-09-02,0001130-43.2017.5.08.0111
TRT8,2024-09-02,0000672-44.2022.5.08.0113
TRT8,2024-09-02,0000289-28.2024.5.08.0103
TRT8,2024-09-02,0000422-67.2024.5.08.0007
TRT8,2024-09-02,0000530-36.2024.5.08.0124
TRT8,2024-08-31,0000182-36.2024.5.08.0118
TRT8,2024-08-30,0000789-67.2024.5.08.0209
TRT8,2024-08-30,0000231-37.2024.5.08.0002
TRT8,2024-08-29,0000667-39.2019.5.08.0109
TRT8,2024-08-29,0000540-34.2024.5.08.0107
TRT8,2024-08-29,0000804-09.2024.5.08.0121
TRT8,2024-08-29,0000436-35.2021.5.08.0111
TRT8,2024-08-28,0000264-14.2021.5.08.0105
TRT8,2024-08-28,0000379-51.2024.5.08.0001
TRT8,2024-08-28,0000718-32.2023.5.08.0005
TRT8,2024-08-28,0000178-96.2024.5.08.0118
TRT8,2024-08-28,0000865-64.2023.5.08.0003
TRT8,2024-08-28,0000171-73.2021.5.08.0130
TRT8,2024-08-28,0000631-15.2024.5.08.0111
TRT8,2024-08-27,0000148-88.2024.5.08.0012
TRT8,2024-08-27,0000672-44.2022.5.08.0113
TRT8,2024-08-27,0000029-03.2024.5.08.0118
TRT8,2024-08-27,0000582-77.2024.5.08.0109
TRT8,2024-08-27,0000215-08.2024.5.08.0124
TRT8,2024-08-27,0000080-08.2024.5.08.0120
TRT8,2024-08-26,0000875-39.2018.5.08.0018
TRT8,2024-08-26,0001049-87.2024.5.08.0131
TRT8,2024-08-26,0000298-24.2024.5.08.0124
TRT8,2024-08-26,0000535-33.2024.5.08.0003
TRT8,2024-08-26,0000465-02.2023.5.08.0116
TRT8,2024-08-26,0000947-39.2022.5.08.0130
TRT8,2024-08-24,0001184-94.2017.5.08.0115
TRT8,2024-08-24,0000453-61.2023.5.08.0124
TRT8,2024-08-24,0000614-35.2022.5.08.0115
TRT8,2024-08-23,0000408-23.2024.5.08.0124
TRT8,2024-08-23,0000595-62.2023.5.08.0125
TRT8,2024-08-23,0000875-39.2018.5.08.0018
TRT8,2024-08-23,0000971-23.2023.5.08.0101
TRT8,2024-08-23,0000050-62.2022.5.08.0113
TRT8,2024-08-23,0000542-81.2023.5.08.0125
TRT8,2024-08-22,0000215-08.2024.5.08.0124
TRT8,2024-08-22,0000459-34.2024.5.08.0124
TRT8,2024-08-22,0000345-56.2023.5.08.0116
TRT8,2024-08-22,0000325-76.2024.5.08.0101
TRT8,2024-08-21,0001031-66.2024.5.08.0131
TRT8,2024-08-21,0000538-76.2024.5.08.0103
TRT8,2024-08-21,0000249-04.2020.5.08.0130
TRT8,2024-08-20,0000504-38.2024.5.08.0124
TRT8,2024-08-20,0000127-04.2023.5.08.0124
TRT8,2024-08-19,0000827-93.2022.5.08.0130
TRT8,2024-08-19,0000619-24.2021.5.08.0105
TRT8,2024-08-19,0000234-43.2017.5.08.0129
TRT8,2024-08-19,0000157-93.2023.5.08.0106
TRT8,2024-08-19,0000133-29.2023.5.08.0118
TRT8,2024-08-19,0000796-38.2024.5.08.0119
TRT8,2024-08-15,0000249-04.2020.5.08.0130
TRT8,2024-08-15,0001330-90.2017.5.08.0130
TRT8,2024-08-14,0000459-34.2024.5.08.0124
TRT8,2024-08-14,0000912-08.2023.5.08.0110
TRT8,2024-08-14,0000131-04.2019.5.08.0117
TRT8,2024-08-14,0000561-89.2024.5.08.0113
TRT8,2024-08-14,0000513-94.2024.5.08.0125
TRT8,2024-08-14,0000047-08.2021.5.08.0125
TRT8,2024-08-14,0000238-36.2024.5.08.0129
TRT8,2024-08-13,0000090-67.2024.5.08.0115
TRT8,2024-08-13,0000089-82.2024.5.08.0115
TRT8,2024-08-13,0000530-48.2024.5.08.0120
TRT8,2024-08-13,0000451-57.2024.5.08.0124
TRT8,2024-08-12,0000377-03.2024.5.08.0124
TRT8,2024-08-12,0000297-69.2024.5.08.0017
TRT8,2024-08-12,0000968-63.2022.5.08.0114
TRT8,2024-08-09,0000477-27.2024.5.08.0101
TRT8,2024-08-09,0000753-56.2023.5.08.0113
TRT8,2024-08-09,0000377-03.2024.5.08.0124
TRT8,2024-08-09,0000168-56.2023.5.08.0128
TRT8,2024-08-08,0000382-25.2024.5.08.0124
TRT8,2024-08-08,0000191-10.2024.5.08.0114
TRT8,2024-08-08,0000274-30.2022.5.08.0103
TRT8,2024-08-08,0000419-85.2024.5.08.0016
TRT8,2024-08-08,0000753-56.2023.5.08.0113
TRT8,2024-08-08,0000505-56.2024.5.08.0210
TRT8,2024-08-08,0000121-93.2019.5.08.0105
TRT8,2024-08-08,0000282-86.2023.5.08.0130
TRT8,2024-08-08,0000487-54.2018.5.08.0013
TRT8,2024-08-08,0000431-23.2024.5.08.0106
TRT8,2024-08-07,0000437-30.2024.5.08.0106
TRT8,2024-08-07,0000133-29.2023.5.08.0118
TRT8,2024-08-07,0000133-29.2023.5.08.0118
TRT8,2024-08-07,0000442-52.2024.5.08.0106
TRT8,2024-08-07,0000382-25.2024.5.08.0124
TRT8,2024-08-07,0000172-94.2021.5.08.0118
TRT8,2024-08-06,0000923-37.2023.5.08.0110
TRT8,2024-08-06,0000722-33.2023.5.08.0017
TRT8,2024-08-06,0000534-91.2024.5.08.0118
TRT8,2024-08-06,0000664-58.2017.5.08.0011
TRT8,2024-08-06,0000205-55.2024.5.08.0126
TRT8,2024-08-06,0000485-82.2017.5.08.0122
TRT8,2024-08-06,0000843-09.2023.5.08.0002
TRT8,2024-08-06,0000534-91.2024.5.08.0118
TRT8,2024-08-05,0000908-46.2019.5.08.0001
TRT8,2024-08-02,0000253-54.2022.5.08.0103
TRT8,2024-08-02,0010135-63.2016.5.08.0131
TRT8,2024-08-02,0010368-61.2013.5.08.0003
TRT8,2024-08-02,0000573-97.2024.5.08.0115
TRT8,2024-08-01,0000361-07.2019.5.08.0130
TRT8,2024-08-01,0000068-73.2024.5.08.0126
TRT8,2024-08-01,0000184-31.2023.5.08.0121
TRT8,2024-07-31,0000385-10.2024.5.08.0017
TRT8,2024-07-31,0000047-45.2024.5.08.0111
TRT8,2024-07-31,0000068-73.2024.5.08.0126
TRT8,2024-07-31,0000827-93.2022.5.08.0130
TRT8,2024-07-31,0000673-34.2023.5.08.0003
TRT8,2024-07-31,0000225-46.2023.5.08.0105
TRT8,2024-07-31,0000575-85.2024.5.08.0206
TRT8,2024-07-31,0000572-50.2021.5.08.0105
TRT8,2024-07-30,0000426-94.2022.5.08.0130
TRT8,2024-07-30,0000626-45.2023.5.08.0105
TRT8,2024-07-30,0000072-92.2024.5.08.0132
TRT8,2024-07-30,0000463-93.2023.5.08.0128
TRT8,2024-07-30,0000712-19.2019.5.08.0117
TRT8,2024-07-30,0000094-98.2024.5.08.0117
TRT8,2024-07-30,0000743-21.2024.5.08.0131
TRT8,2024-07-29,0000770-92.2023.5.08.0016
TRT8,2024-07-29,0000548-93.2024.5.08.0209
TRT8,2024-07-29,0000090-67.2024.5.08.0115
TRT8,2024-07-29,0000382-25.2024.5.08.0124
TRT8,2024-07-29,0000122-87.2024.5.08.0207
TRT8,2024-07-29,0000155-48.2022.5.08.0110
TRT8,2024-07-29,0000818-42.2023.5.08.0116
TRT8,2024-07-25,0000714-08.2022.5.08.0109
TRT8,2024-07-25,0000941-09.2024.5.08.0115
TRT8,2024-07-25,0000850-88.2016.5.08.0117
TRT8,2024-07-25,0000345-51.2021.5.08.0011
TRT8,2024-07-25,0000991-42.2023.5.08.0124
TRT8,2024-07-25,0000089-82.2024.5.08.0115
TRT8,2024-07-25,0000484-71.2024.5.08.0116
TRT8,2024-07-24,0000716-27.2022.5.08.0125
TRT8,2024-07-24,0000488-94.2018.5.08.0124
TRT8,2024-07-24,0000025-51.2024.5.08.0122
TRT8,2024-07-24,0000548-93.2024.5.08.0209
TRT8,2024-07-24,0000195-23.2019.5.08.0114
TRT8,2024-07-24,0000434-67.2023.5.08.0120
TRT8,2024-07-24,0000380-55.2024.5.08.0124
TRT8,2024-07-23,0000673-34.2023.5.08.0003
TRT8,2024-07-23,0000327-44.2023.5.08.0113
TRT8,2024-07-23,0000366-49.2024.5.08.0002
TRT8,2024-07-23,0000294-60.2023.5.08.0014
TRT8,2024-07-23,0000461-55.2024.5.08.0010
TRT8,2024-07-22,0000993-35.2020.5.08.0118
TRT8,2024-07-22,0000025-51.2024.5.08.0122
TRT8,2024-07-22,0000139-90.2024.5.08.0121
TRT8,2024-07-22,0000670-82.2023.5.08.0002
TRT8,2024-07-22,0000203-10.2023.5.08.0130
TRT8,2024-07-22,0000123-70.2022.5.08.0101
TRT8,2024-07-22,0000527-43.2021.5.08.0009
TRT8,2024-07-22,0000377-03.2024.5.08.0124
TRT8,2024-07-18,0000133-29.2023.5.08.0118
TRT8,2024-07-18,0000484-60.2023.5.08.0131
TRT8,2024-07-18,0000127-55.2024.5.08.0128
TRT8,2024-07-18,0000281-15.2024.5.08.0018
TRT8,2024-07-18,0000127-04.2023.5.08.0124
TRT8,2024-07-18,0001330-90.2017.5.08.0130
TRT8,2024-07-18,0001045-05.2023.5.08.0125
TRT8,2024-07-18,0000957-83.2022.5.08.0130
TRT8,2024-07-18,0000593-55.2023.5.08.0105
TRT8,2024-07-18,0000548-93.2024.5.08.0209
TRT8,2024-07-18,0000296-75.2024.5.08.0117
TRT8,2024-07-17,0000184-79.2024.5.08.0126
TRT8,2024-07-17,0000698-53.2024.5.08.0119
TRT8,2024-07-17,0000095-04.2024.5.08.0111
TRT8,2024-07-17,0000417-97.2024.5.08.0119
TRT8,2024-07-16,0000127-55.2024.5.08.0128
TRT8,2024-07-16,0000816-90.2024.5.08.0131
TRT8,2024-07-16,0000826-69.2021.5.08.0122
TRT8,2024-07-16,0000297-78.2024.5.08.0208
TRT8,2024-07-15,0000576-29.2022.5.08.0113
TRT8,2024-07-15,0000148-88.2024.5.08.0012
TRT8,2024-07-15,0000058-82.2022.5.08.0131
TRT8,2024-07-15,0000440-89.2023.5.08.0115
TRT8,2024-07-13,0000671-77.2023.5.08.0128
TRT8,2024-07-12,0000590-89.2017.5.08.0015
TRT8,2024-07-11,0000322-65.2022.5.08.0110
TRT8,2024-07-11,0000829-94.2020.5.08.0110
TRT8,2024-07-11,0000440-89.2023.5.08.0115
TRT8,2024-07-11,0000350-65.2024.5.08.0012
TRT8,2024-07-11,0000838-78.2023.5.08.0101
TRT8,2024-07-10,0000261-18.2024.5.08.0117
TRT8,2024-07-10,0000597-24.2021.5.08.0118
TRT8,2024-07-10,0000380-55.2023.5.08.0103
TRT8,2024-07-10,0000468-81.2024.5.08.0128
TRT8,2024-07-10,0000622-26.2024.5.08.0120
TRT8,2024-07-10,0000530-88.2023.5.08.0118
TRT8,2024-07-09,0000407-23.2024.5.08.0129
TRT8,2024-07-09,0000109-22.2024.5.08.0132
TRT8,2024-07-09,0000344-28.2024.5.08.0119
TRT8,2024-07-09,0000085-06.2024.5.08.0128
TRT8,2024-07-09,0000276-53.2021.5.08.0129
TRT8,2024-07-09,0000742-72.2023.5.08.0001
TRT8,2024-07-09,0000397-91.2023.5.08.0103
TRT8,2024-07-09,0000250-62.2024.5.08.0125
TRT8,2024-07-06,0000386-80.2024.5.08.0118
TRT8,2024-07-05,0000437-94.2020.5.08.0130
TRT8,2024-07-05,0001055-09.2023.5.08.0106
TRT8,2024-07-05,0000320-33.2024.5.08.0205
TRT8,2024-07-05,0000701-72.2023.5.08.0109
TRT8,2024-07-04,0000352-18.2023.5.08.0126
TRT8,2024-07-04,0000334-96.2019.5.08.0009
TRT8,2024-07-04,0001075-37.2023.5.08.0126
TRT8,2024-07-04,0000332-69.2023.5.08.0015
TRT8,2024-07-04,0000728-52.2024.5.08.0131
TRT8,2024-07-03,0000195-23.2019.5.08.0114
TRT8,2024-07-03,0000498-65.2023.5.08.0124
TRT8,2024-07-02,0000744-06.2024.5.08.0131
TRT8,2024-07-01,0000371-29.2024.5.08.0113
TRT8,2024-07-01,0000032-29.2022.5.08.0117
TRT8,2024-07-01,0000488-94.2018.5.08.0124
TRT8,2024-07-01,0000360-30.2024.5.08.0103
TRT8,2024-07-01,0000109-98.2019.5.08.0131
TRT8,2024-07-01,0000442-95.2023.5.08.0103
TRT8,2024-06-30,0000442-95.2023.5.08.0103
TRT8,2024-06-28,0000929-32.2023.5.08.0017
TRT8,2024-06-28,0000386-86.2024.5.08.0116
TRT8,2024-06-28,0000237-33.2023.5.08.0017
TRT8,2024-06-28,0000070-67.2024.5.08.0118
TRT8,2024-06-28,0000549-02.2024.5.08.0105
TRT8,2024-06-28,0000714-90.2022.5.08.0114
TRT8,2024-06-28,0000007-24.2024.5.08.0124
TRT8,2024-06-27,0000825-43.2023.5.08.0016
TRT8,2024-06-26,0000355-60.2024.5.08.0118
TRT8,2024-06-26,0000364-49.2024.5.08.0109
TRT8,2024-06-26,0000481-46.2024.5.08.0010
TRT8,2024-06-26,0000399-94.2024.5.08.0113
TRT8,2024-06-26,0000182-36.2024.5.08.0118
TRT8,2024-06-26,0000178-96.2024.5.08.0118
TRT8,2024-06-26,0000597-24.2021.5.08.0118
TRT8,2024-06-26,0000076-45.2022.5.08.0118
TRT8,2024-06-26,0000314-87.2024.5.08.0120
TRT8,2024-06-26,0000440-80.2023.5.08.0118
TRT8,2024-06-26,0000530-88.2023.5.08.0118
TRT8,2024-06-25,0000070-27.2024.5.08.0002
TRT8,2024-06-25,0001354-33.2017.5.08.0126
TRT8,2024-06-25,0000578-10.2024.5.08.0119
TRT8,2024-06-24,0000191-19.2024.5.08.0111
TRT8,2024-06-24,0000742-36.2023.5.08.0013
TRT8,2024-06-24,0000214-23.2024.5.08.0124
TRT8,2024-06-24,0000776-11.2023.5.08.0110
TRT8,2024-06-24,0000055-15.2016.5.08.0107
TRT8,2024-06-23,0000589-14.2021.5.08.0129
TRT8,2024-06-22,0000253-44.2024.5.08.0116
TRT8,2024-06-21,0000403-83.2024.5.08.0129
TRT8,2024-06-20,0000829-47.2023.5.08.0124
TRT8,2024-06-20,0000526-08.2024.5.08.0121
TRT8,2024-06-20,0000165-91.2019.5.08.0015
TRT8,2024-06-19,0010217-12.2015.5.08.0105
TRT8,2024-06-19,0000357-39.2024.5.08.0018
TRT8,2024-06-19,0000570-46.2023.5.08.0126
TRT8,2024-06-19,0000719-87.2023.5.08.0014
TRT8,2024-06-19,0000054-95.2024.5.08.0124
TRT8,2024-06-18,0000010-82.2024.5.08.0122
TRT8,2024-06-18,0000490-67.2022.5.08.0110
TRT8,2024-06-18,0001774-08.2016.5.08.0115
TRT8,2024-06-18,0001281-36.2017.5.08.0005
TRT8,2024-06-18,0000068-94.2024.5.08.0119
TRT8,2024-06-18,0000056-22.2024.5.08.0106
TRT8,2024-06-18,0000639-72.2023.5.08.0128
TRT8,2024-06-17,0000383-95.2024.5.08.0128
TRT8,2024-06-17,0000442-95.2023.5.08.0103
TRT8,2024-06-17,0000124-15.2023.5.08.0103
TRT8,2024-06-17,0000434-54.2024.5.08.0113
TRT8,2024-06-14,0000556-13.2023.5.08.0110
TRT8,2024-06-14,0000025-02.2024.5.08.0106
TRT8,2024-06-14,0001065-29.2018.5.08.0106
TRT8,2024-06-14,0000225-27.2024.5.08.0003
TRT8,2024-06-14,0000697-14.2023.5.08.0019
TRT8,2024-06-14,0000627-35.2021.5.08.0126
TRT8,2024-06-13,0000337-57.2020.5.08.0125
TRT8,2024-06-13,0000383-31.2019.5.08.0109
TRT8,2024-06-13,0001102-35.2023.5.08.0121
TRT8,2024-06-13,0000527-43.2021.5.08.0009
TRT8,2024-06-13,0000371-49.2022.5.08.0129
TRT8,2024-06-13,0000222-13.2023.5.08.0131
TRT8,2024-06-13,0000355-60.2024.5.08.0118
TRT8,2024-06-12,0000210-85.2016.5.08.0117
TRT8,2024-06-12,0000501-53.2023.5.08.0113
TRT8,2024-06-12,0000317-63.2024.5.08.0113
TRT8,2024-06-12,0000349-07.2024.5.08.0004
TRT8,2024-06-12,0000388-20.2024.5.08.0128
TRT8,2024-06-12,0000303-58.2024.5.08.0120
TRT8,2024-06-11,0000863-83.2022.5.08.0115
TRT8,2024-06-11,0000612-17.2022.5.08.0131
TRT8,2024-06-11,0010492-83.2015.5.08.0129
TRT8,2024-06-11,0001098-68.2023.5.08.0130
TRT8,2024-06-11,0000714-90.2022.5.08.0114
TRT8,2024-06-11,0000184-27.2024.5.08.0014
TRT8,2024-06-11,0000339-54.2024.5.08.0103
TRT8,2024-06-10,0000317-48.2024.5.08.0118
TRT8,2024-06-10,0000015-46.2024.5.08.0109
TRT8,2024-06-10,0000309-58.2020.5.08.0006
TRT8,2024-06-10,0000478-40.2023.5.08.0103
TRT8,2024-06-10,0000296-75.2024.5.08.0117
TRT8,2024-06-10,0000042-44.2024.5.08.0104
TRT8,2024-06-08,0000994-13.2022.5.08.0130
TRT8,2024-06-08,0000165-73.2024.5.08.0126
TRT8,2024-06-07,0000007-87.2024.5.08.0103
TRT8,2024-06-07,0000996-48.2019.5.08.0110
TRT8,2024-06-07,0000863-83.2022.5.08.0115
TRT8,2024-06-07,0000332-96.2023.5.08.0103
TRT8,2024-06-07,0000025-51.2024.5.08.0122
TRT8,2024-06-06,0000455-46.2022.5.08.0001
TRT8,2024-06-06,0001134-13.2023.5.08.0130
TRT8,2024-06-06,0000743-10.2022.5.08.0125
TRT8,2024-06-06,0000461-17.2022.5.08.0110
TRT8,2024-06-06,0000214-23.2024.5.08.0124
TRT8,2024-06-06,0001056-43.2023.5.08.0122
TRT8,2024-06-04,0000551-06.2024.5.08.0126
TRT8,2024-06-04,0001038-62.2022.5.08.0120
TRT8,2024-06-04,0000249-07.2024.5.08.0116
TRT8,2024-06-03,0000215-08.2024.5.08.0124
TRT8,2024-06-03,0000319-61.2023.5.08.0115
TRT8,2024-06-03,0000184-70.2023.5.08.0108
TRT8,2024-06-03,0000237-64.2022.5.08.0115
TRT8,2024-05-31,0000516-55.2019.5.08.0018
TRT8,2024-05-31,0001420-18.2023.5.08.0121
TRT8,2024-05-29,0000779-55.2022.5.08.0124
TRT8,2024-05-29,0000673-41.2023.5.08.0130
TRT8,2024-05-29,0000016-04.2024.5.08.0118
TRT8,2024-05-29,0000875-39.2018.5.08.0018
TRT8,2024-05-29,0000188-35.2023.5.08.0132
TRT8,2024-05-29,0000652-43.2014.5.08.0013
TRT8,2024-05-28,0000032-13.2024.5.08.0132
TRT8,2024-05-28,0000040-42.2023.5.08.0126
TRT8,2024-05-28,0001038-72.2016.5.08.0120
TRT8,2024-05-28,0000232-62.2024.5.08.0118
TRT8,2024-05-28,0000371-29.2024.5.08.0113
TRT8,2024-05-27,0000523-14.2023.5.08.0113
TRT8,2024-05-27,0000451-76.2023.5.08.0129
TRT8,2024-05-27,0000071-43.2024.5.08.0121
TRT8,2024-05-24,0000209-83.2024.5.08.0129
TRT8,2024-05-24,0000770-04.2023.5.08.0110
TRT8,2024-05-24,0000236-94.2022.5.08.0110
TRT8,2024-05-24,0001774-08.2016.5.08.0115
TRT8,2024-05-24,0000741-39.2023.5.08.0114
TRT8,2024-05-24,0000669-52.2023.5.08.0114
TRT8,2024-05-24,0000915-51.2023.5.08.0113
TRT8,2024-05-24,0000956-76.2023.5.08.0126
TRT8,2024-05-24,0000445-84.2022.5.08.0103
TRT8,2024-05-23,0000219-33.2023.5.08.0107
TRT8,2024-05-23,0000275-08.2019.5.08.0107
TRT8,2024-05-23,0001198-95.2023.5.08.0106
TRT8,2024-05-23,0000391-32.2019.5.08.0101
TRT8,2024-05-23,0000085-46.2023.5.08.0126
TRT8,2024-05-23,0000356-55.2023.5.08.0126
TRT8,2024-05-23,0000168-16.2024.5.08.0130
TRT8,2024-05-22,0000296-14.2024.5.08.0105
TRT8,2024-05-22,0000431-85.2023.5.08.0129
TRT8,2024-05-22,0000510-58.2023.5.08.0131
TRT8,2024-05-22,0000597-24.2021.5.08.0118
TRT8,2024-05-22,0000672-22.2023.5.08.0109
TRT8,2024-05-22,0000228-43.2024.5.08.0015
TRT8,2024-05-22,0000938-28.2022.5.08.0114
TRT8,2024-05-21,0000908-98.2023.5.08.0003
TRT8,2024-05-21,0000785-97.2023.5.08.0004
TRT8,2024-05-21,0000038-60.2023.5.08.0130
TRT8,2024-05-21,0000274-29.2024.5.08.0113
TRT8,2024-05-21,0001182-96.2023.5.08.0121
TRT8,2024-05-21,0000027-65.2022.5.08.0130
TRT8,2024-05-21,0000766-56.2022.5.08.0124
TRT8,2024-05-20,0000938-28.2022.5.08.0114
TRT8,2024-05-20,0000179-96.2024.5.08.0210
TRT8,2024-05-20,0000828-56.2023.5.08.0126
TRT8,2024-05-20,0000718-32.2023.5.08.0005
TRT8,2024-05-17,0000956-98.2021.5.08.0109
TRT8,2024-05-17,0000028-11.2021.5.08.0122
TRT8,2024-05-17,0000259-79.2023.5.08.0118
TRT8,2024-05-16,0000211-59.2023.5.08.0203
TRT8,2024-05-16,0000068-73.2024.5.08.0126
TRT8,2024-05-16,0000340-06.2024.5.08.0114
TRT8,2024-05-16,0000232-62.2024.5.08.0118
TRT8,2024-05-16,0000519-62.2023.5.08.0117
TRT8,2024-05-16,0000391-03.2023.5.08.0130
TRT8,2024-05-16,0000053-67.2024.5.08.0106
TRT8,2024-05-16,0000158-72.2023.5.08.0108
TRT8,2024-05-15,0000248-25.2024.5.08.0018
TRT8,2024-05-15,0000248-31.2024.5.08.0113
TRT8,2024-05-15,0000200-94.2023.5.08.0117
TRT8,2024-05-14,0000466-15.2022.5.08.0118
TRT8,2024-05-14,0000538-35.2022.5.08.0107
TRT8,2024-05-14,0000697-32.2023.5.08.0013
TRT8,2024-05-14,0000456-67.2023.5.08.0107
TRT8,2024-05-14,0000231-37.2024.5.08.0002
TRT8,2024-05-14,0000621-97.2022.5.08.0124
TRT8,2024-05-13,0000209-83.2024.5.08.0129
TRT8,2024-05-13,0000167-47.2022.5.08.0018
TRT8,2024-05-13,0000589-88.2023.5.08.0114
TRT8,2024-05-13,0000984-41.2022.5.08.0106
TRT8,2024-05-13,0000112-98.2024.5.08.0124
TRT8,2024-05-13,0000101-32.2024.5.08.0201
TRT8,2024-05-13,0000168-27.2020.5.08.0107
TRT8,2024-05-13,0000411-72.2023.5.08.0007
TRT8,2024-05-13,0000498-37.2023.5.08.0101
TRT8,2024-05-13,0000330-47.2020.5.08.0131
TRT8,2024-05-13,0000550-06.2023.5.08.0013
TRT8,2024-05-13,0000025-02.2024.5.08.0106
TRT8,2024-05-11,0000451-18.2023.5.08.0019
TRT8,2024-05-11,0000343-28.2023.5.08.0103
TRT8,2024-05-10,0000823-10.2022.5.08.0210
TRT8,2024-05-10,0000580-62.2023.5.08.0103
TRT8,2024-05-10,0000116-85.2022.5.08.0131
TRT8,2024-05-10,0000865-64.2023.5.08.0003
TRT8,2024-05-10,0000455-46.2022.5.08.0001
TRT8,2024-05-10,0000374-48.2024.5.08.0124
TRT8,2024-05-09,0000416-18.2024.5.08.0118
TRT8,2024-05-09,0000416-18.2024.5.08.0118
TRT8,2024-05-09,0000581-47.2023.5.08.0103
TRT8,2024-05-09,0000184-27.2024.5.08.0014
TRT8,2024-05-09,0000160-05.2024.5.08.0109
TRT8,2024-05-09,0000018-47.2023.5.08.0105
TRT8,2024-05-09,0000072-92.2024.5.08.0132
TRT8,2024-05-08,0001556-92.2016.5.08.0013
TRT8,2024-05-08,0000827-44.2022.5.08.0114
TRT8,2024-05-08,0000662-63.2023.5.08.0113
TRT8,2024-05-08,0000182-86.2021.5.08.0103
TRT8,2024-05-08,0000767-13.2022.5.08.0101
TRT8,2024-05-08,0001061-16.2023.5.08.0106
TRT8,2024-05-07,0000998-73.2023.5.08.0111
TRT8,2024-05-07,0000358-94.2023.5.08.0103
TRT8,2024-05-07,0000344-28.2024.5.08.0119
TRT8,2024-05-07,0000578-65.2019.5.08.0125
TRT8,2024-05-07,0000101-32.2024.5.08.0201
TRT8,2024-05-07,0000531-95.2021.5.08.0101
TRT8,2024-05-06,0000317-46.2023.5.08.0130
TRT8,2024-05-06,0000524-93.2023.5.08.0114
TRT8,2024-05-06,0000016-04.2024.5.08.0118
TRT8,2024-05-06,0000947-39.2022.5.08.0130
TRT8,2024-05-06,0000552-40.2023.5.08.0121
TRT8,2024-05-06,0000031-80.2023.5.08.0126
TRT8,2024-05-03,0000608-09.2023.5.08.0110
TRT8,2024-05-03,0000063-57.2024.5.08.0124
TRT8,2024-05-02,0000592-92.2023.5.08.0130
TRT8,2024-05-02,0000308-43.2024.5.08.0003
TRT8,2024-05-02,0000368-94.2022.5.08.0129
TRT8,2024-05-02,0000178-72.2024.5.08.0126
TRT8,2024-05-02,0000412-17.2024.5.08.0106
TRT8,2024-05-02,0000770-89.2023.5.08.0114
TRT8,2024-05-02,0000433-60.2015.5.08.0121
TRT8,2024-05-01,0000205-85.2024.5.08.0116
TRT8,2024-04-30,0000182-36.2024.5.08.0118
TRT8,2024-04-30,0000364-20.2023.5.08.0130
TRT8,2024-04-30,0000886-81.2022.5.08.0130
TRT8,2024-04-30,0000215-72.2023.5.08.0114
TRT8,2024-04-29,0000911-72.2023.5.08.0126
TRT8,2024-04-29,0000307-64.2020.5.08.0111
TRT8,2024-04-29,0000182-36.2024.5.08.0118
TRT8,2024-04-29,0000197-20.2024.5.08.0113
TRT8,2024-04-26,0000287-11.2023.5.08.0130
TRT8,2024-04-26,0000593-03.2019.5.08.0103
TRT8,2024-04-26,0000284-88.2024.5.08.0011
TRT8,2024-04-26,0000894-90.2023.5.08.0205
TRT8,2024-04-25,0000518-16.2023.5.08.0105
TRT8,2024-04-25,0000662-78.2023.5.08.0205
TRT8,2024-04-25,0000498-16.2023.5.08.0205
TRT8,2024-04-24,0000281-22.2022.5.08.0103
TRT8,2024-04-24,0000392-66.2023.5.08.0201
TRT8,2024-04-24,0000737-75.2022.5.08.0004
TRT8,2024-04-24,0000624-85.2022.5.08.0113
TRT8,2024-04-23,0000912-08.2023.5.08.0110
TRT8,2024-04-23,0001129-24.2023.5.08.0119
TRT8,2024-04-23,0000204-58.2024.5.08.0130
TRT8,2024-04-23,0000067-30.2024.5.08.0016
TRT8,2024-04-23,0000680-03.2022.5.08.0119
TRT8,2024-04-22,0000590-25.2023.5.08.0130
TRT8,2024-04-22,0000120-05.2024.5.08.0018
TRT8,2024-04-22,0000133-28.2024.5.08.0107
TRT8,2024-04-21,0000550-67.2022.5.08.0101
TRT8,2024-04-21,0000907-38.2023.5.08.0125
TRT8,2024-04-19,0000558-80.2023.5.08.0110
TRT8,2024-04-19,0001328-85.2014.5.08.0111
TRT8,2024-04-19,0000115-26.2019.5.08.0125
TRT8,2024-04-19,0000734-62.2023.5.08.0012
TRT8,2024-04-18,0010527-79.2015.5.08.0117
TRT8,2024-04-18,0000814-39.2018.5.08.0129
TRT8,2024-04-18,0000486-08.2023.5.08.0009
TRT8,2024-04-18,0000160-87.2024.5.08.0017
TRT8,2024-04-18,0001061-16.2023.5.08.0106
TRT8,2024-04-18,0000343-20.2018.5.08.0130
TRT8,2024-04-18,0000191-45.2022.5.08.0125
TRT8,2024-04-17,0000174-08.2023.5.08.0114
TRT8,2024-04-17,0000104-09.2023.5.08.0108
TRT8,2024-04-17,0000172-37.2024.5.08.0103
TRT8,2024-04-16,0000239-72.2024.5.08.0015
TRT8,2024-04-16,0000612-14.2021.5.08.0111
TRT8,2024-04-16,0000028-68.2022.5.08.0124
TRT8,2024-04-16,0000540-86.2023.5.08.0004
TRT8,2024-04-16,0000697-32.2023.5.08.0013
TRT8,2024-04-16,0000072-53.2022.5.08.0006
TRT8,2024-04-15,0000191-19.2024.5.08.0111
TRT8,2024-04-15,0000511-64.2022.5.08.0103
TRT8,2024-04-12,0000038-75.2023.5.08.0125
TRT8,2024-04-12,0000152-65.2024.5.08.0129
TRT8,2024-04-12,0000158-72.2024.5.08.0129
TRT8,2024-04-12,0000406-53.2023.5.08.0103
TRT8,2024-04-11,0000054-95.2024.5.08.0124
TRT8,2024-04-11,0000745-06.2023.5.08.0105
TRT8,2024-04-11,0000445-78.2022.5.08.0105
TRT8,2024-04-11,0001134-13.2023.5.08.0130
TRT8,2024-04-10,0000040-42.2023.5.08.0126
TRT8,2024-04-10,0001044-23.2023.5.08.0124
TRT8,2024-04-10,0000195-45.2023.5.08.0126
TRT8,2024-04-10,0000463-13.2015.5.08.0116
TRT8,2024-04-10,0000743-36.2023.5.08.0105
TRT8,2024-04-10,0000169-86.2023.5.08.0113
TRT8,2024-04-10,0000838-78.2023.5.08.0101
TRT8,2024-04-09,0000693-50.2023.5.08.0124
TRT8,2024-04-09,0000779-55.2022.5.08.0124
TRT8,2024-04-09,0000306-27.2017.5.08.0130
TRT8,2024-04-09,0000658-81.2022.5.08.0106
TRT8,2024-04-08,0000374-34.2022.5.08.0119
TRT8,2024-04-08,0000293-18.2017.5.08.0004
TRT8,2024-04-08,0000012-98.2023.5.08.0118
TRT8,2024-04-08,0000771-49.2019.5.08.0006
TRT8,2024-04-08,0000137-36.2022.5.08.0107
TRT8,2024-04-08,0000239-36.2023.5.08.0103
TRT8,2024-04-05,0000697-03.2022.5.08.0131
TRT8,2024-04-05,0000669-64.2023.5.08.0110
TRT8,2024-04-05,0000846-28.2023.5.08.0110
TRT8,2024-04-05,0000088-55.2024.5.08.0129
TRT8,2024-04-04,0000576-60.2021.5.08.0114
TRT8,2024-04-04,0000071-16.2024.5.08.0130
TRT8,2024-04-04,0000639-11.2023.5.08.0116
TRT8,2024-04-04,0000783-25.2022.5.08.0114
TRT8,2024-04-04,0000421-83.2019.5.08.0128
TRT8,2024-04-04,0000518-13.2023.5.08.0009
TRT8,2024-04-03,0000547-75.2023.5.08.0005
TRT8,2024-04-03,0000387-94.2022.5.08.0131
TRT8,2024-04-03,0000282-86.2023.5.08.0130
TRT8,2024-04-03,0000780-39.2023.5.08.0016
TRT8,2024-04-03,0000083-66.2024.5.08.0118
TRT8,2024-04-02,0000127-55.2024.5.08.0128
TRT8,2024-04-02,0000501-82.2020.5.08.0105
TRT8,2024-04-02,0000112-22.2024.5.08.0117
TRT8,2024-04-02,0000412-74.2021.5.08.0121
TRT8,2024-04-02,0000463-93.2023.5.08.0128
TRT8,2024-04-02,0000217-84.2024.5.08.0121
TRT8,2024-04-02,0000001-23.2024.5.08.0122
TRT8,2024-04-02,0001562-65.2017.5.08.0013
TRT8,2024-04-02,0000825-43.2023.5.08.0016
TRT8,2024-04-02,0000142-30.2023.5.08.0105
TRT8,2024-04-01,0000692-83.2023.5.08.0118
TRT8,2024-04-01,0000061-06.2023.5.08.0130
TRT8,2024-04-01,0001115-07.2023.5.08.0130
TRT8,2024-04-01,0000097-83.2024.5.08.0107
TRT8,2024-04-01,0000301-37.2023.5.08.0116
TRT8,2024-03-27,0000632-53.2018.5.08.0129
TRT8,2024-03-27,0010623-92.2013.5.08.0011
TRT8,2024-03-26,0000207-89.2023.5.08.0116
TRT8,2024-03-26,0000228-74.2023.5.08.0016
TRT8,2024-03-26,0000013-23.2022.5.08.0117
TRT8,2024-03-26,0000276-24.2019.5.08.0129
TRT8,2024-03-26,0000078-20.2023.5.08.0105
TRT8,2024-03-26,0000809-89.2023.5.08.0113
TRT8,2024-03-26,0000544-88.2021.5.08.0103
TRT8,2024-03-25,0000040-74.2024.5.08.0007
TRT8,2024-03-25,0001513-04.2016.5.08.0128
TRT8,2024-03-25,0000129-47.2018.5.08.0124
TRT8,2024-03-25,0000588-49.2018.5.08.0124
TRT8,2024-03-25,0000408-05.2023.5.08.0109
TRT8,2024-03-25,0000971-23.2023.5.08.0101
TRT8,2024-03-25,0000540-80.2023.5.08.0103
TRT8,2024-03-25,0000094-98.2024.5.08.0117
TRT8,2024-03-25,0000569-03.2023.5.08.0113
TRT8,2024-03-22,0000504-14.2023.5.08.0111
TRT8,2024-03-22,0000008-36.2024.5.08.0018
TRT8,2024-03-22,0000759-66.2023.5.08.0015
TRT8,2024-03-22,0000658-81.2022.5.08.0106
TRT8,2024-03-22,0000625-57.2023.5.08.0106
TRT8,2024-03-22,0000383-84.2022.5.08.0122
TRT8,2024-03-21,0000498-65.2023.5.08.0124
TRT8,2024-03-21,0001353-53.2023.5.08.0121
TRT8,2024-03-20,0000580-62.2023.5.08.0103
TRT8,2024-03-20,0000422-83.2023.5.08.0110
TRT8,2024-03-20,0000811-56.2023.5.08.0017
TRT8,2024-03-19,0000173-62.2023.5.08.0101
TRT8,2024-03-19,0000124-22.2017.5.08.0201
TRT8,2024-03-19,0001079-95.2023.5.08.0119
TRT8,2024-03-19,0000703-09.2023.5.08.0120
TRT8,2024-03-19,0000381-49.2023.5.08.0003
TRT8,2024-03-19,0000088-55.2024.5.08.0129
TRT8,2024-03-18,0000764-85.2023.5.08.0016
TRT8,2024-03-18,0001135-28.2023.5.08.0120
TRT8,2024-03-18,0000612-14.2021.5.08.0111
TRT8,2024-03-18,0000801-18.2023.5.08.0015
TRT8,2024-03-18,0000363-83.2023.5.08.0114
TRT8,2024-03-15,0001213-25.2023.5.08.0119
TRT8,2024-03-15,0000589-76.2023.5.08.0118
TRT8,2024-03-15,0000324-98.2023.5.08.0110
TRT8,2024-03-15,0000051-91.2024.5.08.0011
TRT8,2024-03-15,0000678-78.2023.5.08.0125
TRT8,2024-03-14,0000077-51.2022.5.08.0111
TRT8,2024-03-14,0000712-15.2020.5.08.0107
TRT8,2024-03-14,0000509-25.2021.5.08.0105
TRT8,2024-03-13,0000672-44.2022.5.08.0113
TRT8,2024-03-13,0000408-20.2023.5.08.0104
TRT8,2024-03-13,0000720-02.2023.5.08.0005
TRT8,2024-03-13,0001062-08.2017.5.08.0107
TRT8,2024-03-13,0000580-81.2023.5.08.0129
TRT8,2024-03-13,0000868-02.2017.5.08.0109
TRT8,2024-03-13,0000450-78.2023.5.08.0101
TRT8,2024-03-13,0000010-41.2021.5.08.0202
TRT8,2024-03-12,0000607-42.2023.5.08.0007
TRT8,2024-03-12,0000672-28.2023.5.08.0107
TRT8,2024-03-12,0000367-05.2023.5.08.0120
TRT8,2024-03-12,0001081-98.2023.5.08.0205
TRT8,2024-03-12,0001410-35.2017.5.08.0201
TRT8,2024-03-12,0000622-54.2023.5.08.0122
TRT8,2024-03-12,0000127-04.2023.5.08.0124
TRT8,2024-03-12,0000215-18.2023.5.08.0132
TRT8,2024-03-11,0000060-36.2023.5.08.0125
TRT8,2024-03-11,0000991-42.2023.5.08.0124
TRT8,2024-03-11,0000355-97.2023.5.08.0117
TRT8,2024-03-11,0000040-30.2023.5.08.0130
TRT8,2024-03-11,0000067-36.2024.5.08.0111
TRT8,2024-03-11,0000663-03.2023.5.08.0128
TRT8,2024-03-08,0000178-96.2024.5.08.0118
TRT8,2024-03-08,0000292-05.2023.5.08.0107
TRT8,2024-03-08,0000811-54.2022.5.08.0126
TRT8,2024-03-08,0000100-37.2022.5.08.0130
TRT8,2024-03-08,0000900-82.2023.5.08.0016
TRT8,2024-03-08,0000345-56.2023.5.08.0116
TRT8,2024-03-07,0000028-68.2022.5.08.0124
TRT8,2024-03-07,0000247-47.2023.5.08.0124
TRT8,2024-03-07,0000627-18.2023.5.08.0109
TRT8,2024-03-06,0000212-44.2023.5.08.0203
TRT8,2024-03-06,0000024-93.2024.5.08.0113
TRT8,2024-03-06,0000631-28.2023.5.08.0118
TRT8,2024-03-06,0000540-86.2023.5.08.0004
TRT8,2024-03-06,0000022-26.2024.5.08.0113
TRT8,2024-03-05,0000456-67.2023.5.08.0107
TRT8,2024-03-05,0000715-29.2023.5.08.0118
TRT8,2024-03-05,0001164-36.2017.5.08.0105
TRT8,2024-03-05,0000840-91.2023.5.08.0119
TRT8,2024-03-05,0000901-62.2022.5.08.0126
TRT8,2024-03-05,0001153-16.2023.5.08.0131
TRT8,2024-03-04,0000112-13.2023.5.08.0002
TRT8,2024-03-04,0001525-81.2016.5.08.0107
TRT8,2024-03-01,0000185-61.2023.5.08.0203
TRT8,2024-03-01,0000545-63.2023.5.08.0019
TRT8,2024-03-01,0000552-77.2022.5.08.0120
TRT8,2024-03-01,0000498-78.2021.5.08.0110
TRT8,2024-03-01,0000085-46.2023.5.08.0126
TRT8,2024-02-29,0000414-40.2022.5.08.0111
TRT8,2024-02-29,0000842-06.2023.5.08.0105
TRT8,2024-02-29,0000179-91.2023.5.08.0126
TRT8,2024-02-29,0000221-94.2023.5.08.0012
TRT8,2024-02-29,0001228-81.2020.5.08.0124
TRT8,2024-02-29,0000697-14.2023.5.08.0019
TRT8,2024-02-28,0000857-51.2023.5.08.0015
TRT8,2024-02-28,0000673-34.2023.5.08.0003
TRT8,2024-02-28,0000484-06.2021.5.08.0107
TRT8,2024-02-27,0000185-61.2023.5.08.0203
TRT8,2024-02-27,0000408-23.2023.5.08.0103
TRT8,2024-02-27,0000760-46.2022.5.08.0125
TRT8,2024-02-27,0000842-82.2023.5.08.0015
TRT8,2024-02-26,0000937-76.2023.5.08.0124
TRT8,2024-02-26,0000392-22.2022.5.08.0130
TRT8,2024-02-23,0000474-92.2022.5.08.0117
TRT8,2024-02-22,0000775-20.2023.5.08.0209
TRT8,2024-02-22,0000688-38.2016.5.08.0103
TRT8,2024-02-22,0001182-96.2023.5.08.0121
TRT8,2024-02-22,0000782-85.2022.5.08.0002
TRT8,2024-02-22,0001132-65.2017.5.08.0126
TRT8,2024-02-21,0000116-85.2022.5.08.0131
TRT8,2024-02-21,0000158-48.2023.5.08.0019
TRT8,2024-02-21,0000157-21.2022.5.08.0012
TRT8,2024-02-21,0000040-14.2023.5.08.0103
TRT8,2024-02-21,0010107-25.2016.5.08.0122
TRT8,2024-02-20,0000758-30.2023.5.08.0129
TRT8,2024-02-20,0000185-07.2023.5.08.0124
TRT8,2024-02-20,0000055-65.2023.5.08.0011
TRT8,2024-02-20,0000553-79.2023.5.08.0103
TRT8,2024-02-20,0000408-05.2023.5.08.0109
TRT8,2024-02-19,0000314-42.2023.5.08.0114
TRT8,2024-02-19,0000670-52.2019.5.08.0122
TRT8,2024-02-19,0000236-22.2021.5.08.0113
TRT8,2024-02-19,0000313-45.2023.5.08.0118
TRT8,2024-02-19,0000829-94.2020.5.08.0110
TRT8,2024-02-19,0000910-35.2023.5.08.0111
TRT8,2024-02-16,0000667-61.2023.5.08.0121
TRT8,2024-02-16,0000946-95.2014.5.08.0013
TRT8,2024-02-16,0000554-43.2023.5.08.0110
TRT8,2024-02-16,0000425-59.2023.5.08.0103
TRT8,2024-02-16,0000866-53.2023.5.08.0131
TRT8,2024-02-15,0000639-72.2023.5.08.0128
TRT8,2024-02-15,0000527-68.2020.5.08.0012
TRT8,2024-02-15,0000220-40.2023.5.08.0132
TRT8,2024-02-15,0000746-64.2023.5.08.0113
TRT8,2024-02-15,0000447-33.2022.5.08.0013
TRT8,2024-02-15,0000965-75.2017.5.08.0117
TRT8,2024-02-14,0000612-17.2022.5.08.0131
TRT8,2024-02-14,0001163-96.2023.5.08.0119
TRT8,2024-02-12,0000259-79.2023.5.08.0118
TRT8,2024-02-09,0000576-38.2022.5.08.0013
TRT8,2024-02-09,0000663-93.2023.5.08.0001
TRT8,2024-02-09,0000122-57.2019.5.08.0015
TRT8,2024-02-09,0000175-73.2022.5.08.0131
TRT8,2024-02-09,0000166-25.2023.5.08.0019
TRT8,2024-02-09,0000185-89.2023.5.08.0129
TRT8,2024-02-08,0000954-06.2022.5.08.0106
TRT8,2024-02-08,0000228-17.2023.5.08.0132
TRT8,2024-02-08,0000699-84.2023.5.08.0018
TRT8,2024-02-07,0000575-16.2023.5.08.0014
TRT8,2024-02-07,0000220-40.2023.5.08.0132
TRT8,2024-02-07,0000333-06.2022.5.08.0107
TRT8,2024-02-07,0000983-93.2022.5.08.0126
TRT8,2024-02-07,0000274-36.2022.5.08.0101
TRT8,2024-02-07,0000444-47.2023.5.08.0109
TRT8,2024-02-06,0000998-50.2022.5.08.0130
TRT8,2024-02-06,0000230-84.2023.5.08.0132
TRT8,2024-02-06,0000192-50.2023.5.08.0107
TRT8,2024-02-05,0000106-34.2022.5.08.0101
TRT8,2024-02-05,0010337-87.2017.5.08.0104
TRT8,2024-02-02,0000410-63.2019.5.08.0125
TRT8,2024-02-02,0000417-19.2023.5.08.0124
TRT8,2024-02-02,0000466-94.2022.5.08.0124
TRT8,2024-02-02,0000657-71.2023.5.08.0006
TRT8,2024-02-02,0000262-37.2023.5.08.0117
TRT8,2024-02-02,0000593-22.2019.5.08.0129
TRT8,2024-02-02,0000205-49.2023.5.08.0010
TRT8,2024-02-01,0000114-53.2023.5.08.0108
TRT8,2024-02-01,0000713-41.2023.5.08.0124
TRT8,2024-02-01,0000145-87.2020.5.08.0105
TRT8,2024-02-01,0000157-21.2022.5.08.0012
TRT8,2024-02-01,0001007-02.2023.5.08.0122
TRT8,2024-02-01,0000828-95.2023.5.08.0113
TRT8,2024-02-01,0000239-25.2022.5.08.0118
TRT8,2024-02-01,0000112-96.2022.5.08.0018
TRT8,2024-01-31,0000039-47.2024.5.08.0118
TRT8,2024-01-31,0000830-52.2020.5.08.0119
TRT8,2024-01-31,0000745-22.2022.5.08.0014
TRT8,2024-01-31,0000796-08.2019.5.08.0121
TRT8,2024-01-31,0000769-62.2023.5.08.0128
TRT8,2024-01-31,0000892-08.2023.5.08.0210
TRT8,2024-01-30,0000027-36.2024.5.08.0117
TRT8,2024-01-30,0000820-21.2023.5.08.0113
TRT8,2024-01-30,0000136-51.2023.5.08.0128
TRT8,2024-01-30,0000764-40.2023.5.08.0128
TRT8,2024-01-30,0000722-33.2023.5.08.0017
TRT8,2024-01-29,0000516-52.2023.5.08.0103
TRT8,2024-01-29,0000876-15.2023.5.08.0126
TRT8,2024-01-29,0001053-97.2023.5.08.0119
TRT8,2024-01-29,0000374-60.2023.5.08.0002
TRT8,2024-01-28,0000717-73.2021.5.08.0116
TRT8,2024-01-26,0000693-48.2017.5.08.0128
TRT8,2024-01-25,0000441-41.2023.5.08.0126
TRT8,2024-01-25,0001096-28.2023.5.08.0121
TRT8,2024-01-24,0000240-15.2023.5.08.0105
TRT8,2024-01-24,0000676-54.2021.5.08.0101
TRT8,2024-01-24,0000463-13.2015.5.08.0116
TRT8,2024-01-24,0000530-88.2023.5.08.0118
TRT8,2024-01-24,0000338-12.2023.5.08.0101
TRT8,2024-01-24,0001153-16.2023.5.08.0131
TRT8,2024-01-23,0000278-27.2023.5.08.0105
TRT8,2024-01-23,0000518-21.2020.5.08.0105
TRT8,2024-01-22,0000903-34.2023.5.08.0017
TRT8,2024-01-22,0000443-57.2022.5.08.0122
TRT8,2024-01-22,0000570-46.2023.5.08.0126
TRT8,2024-01-22,0000842-85.2023.5.08.0111
TRT8,2024-01-22,0001091-06.2023.5.08.0121
TRT8,2024-01-20,0000162-25.2022.5.08.0018
TRT8,2024-01-19,0000361-47.2022.5.08.0115
TRT8,2024-01-18,0000062-25.2022.5.08.0130
TRT8,2024-01-18,0000136-94.2022.5.08.0125
TRT8,2024-01-18,0000093-29.2022.5.08.0103
TRT8,2024-01-18,0010451-74.2013.5.08.0004
TRT8,2024-01-17,0000431-78.2023.5.08.0002
TRT8,2024-01-17,0000404-97.2020.5.08.0003
TRT8,2024-01-17,0000585-47.2020.5.08.0117
TRT8,2024-01-16,0000473-24.2023.5.08.0004
TRT8,2024-01-15,0000224-20.2022.5.08.0130
TRT8,2024-01-12,0000415-10.2022.5.08.0116
TRT8,2024-01-12,0000520-39.2021.5.08.0110
TRT8,2024-01-11,0000302-48.2021.5.08.0130
TRT8,2024-01-11,0001065-29.2018.5.08.0106
TRT8,2024-01-11,0000006-05.2024.5.08.0103
TRT8,2024-01-10,0000949-21.2022.5.08.0126
TRT8,2024-01-10,0000338-85.2023.5.08.0109
TRT8,2024-01-09,0000287-45.2021.5.08.0012
TRT8,2024-01-09,0000469-33.2023.5.08.0118
TRT8,2023-12-26,0000232-14.2023.5.08.0113
TRT8,2023-12-21,0000928-59.2023.5.08.0110
TRT8,2023-12-21,0000254-05.2023.5.08.0103
TRT8,2023-12-20,0000542-54.2022.5.08.0113
TRT8,2023-12-19,0000988-06.2022.5.08.0130
TRT8,2023-12-19,0001095-49.2018.5.08.0014
TRT8,2023-12-19,0000127-38.2021.5.08.0103
TRT8,2023-12-18,0000537-80.2023.5.08.0118
TRT8,2023-12-18,0000406-53.2023.5.08.0103
TRT8,2023-12-18,0000060-36.2023.5.08.0125
TRT8,2023-12-18,0000742-07.2022.5.08.0131
TRT8,2023-12-18,0000692-83.2023.5.08.0118
TRT8,2023-12-18,0000005-24.2023.5.08.0210
TRT8,2023-12-18,0000134-08.2022.5.08.0002
TRT8,2023-12-18,0000314-33.2023.5.08.0117
TRT8,2023-12-15,0000284-92.2019.5.08.0131
TRT8,2023-12-14,0000287-11.2023.5.08.0130
TRT8,2023-12-14,0000158-45.2023.5.08.0117
TRT8,2023-12-14,0000027-65.2022.5.08.0130
TRT8,2023-12-14,0000840-85.2023.5.08.0121
TRT8,2023-12-14,0000840-13.2022.5.08.0124
TRT8,2023-12-14,0000271-53.2023.5.08.0002
TRT8,2023-12-14,0000856-78.2023.5.08.0205
TRT8,2023-12-14,0000469-33.2023.5.08.0118
TRT8,2023-12-13,0000511-29.2021.5.08.0126
TRT8,2023-12-13,0000175-73.2022.5.08.0131
TRT8,2023-12-13,0000571-22.2023.5.08.0129
TRT8,2023-12-12,0000767-13.2022.5.08.0101
TRT8,2023-12-12,0000141-80.2017.5.08.0129
TRT8,2023-12-12,0000049-86.2022.5.08.0110
TRT8,2023-12-12,0000501-53.2023.5.08.0113
TRT8,2023-12-12,0000937-63.2019.5.08.0109
TRT8,2023-12-12,0000886-81.2022.5.08.0130
TRT8,2023-12-11,0000157-20.2023.5.08.0001
TRT8,2023-12-11,0000440-80.2023.5.08.0118
TRT8,2023-12-11,0000080-60.2023.5.08.0114
TRT8,2023-12-11,0000760-45.2023.5.08.0017
TRT8,2023-12-11,0000200-55.2023.5.08.0130
TRT8,2023-12-11,0000510-58.2023.5.08.0131
TRT8,2023-12-11,0000511-64.2022.5.08.0103
TRT8,2023-12-11,0000545-63.2023.5.08.0019
TRT8,2023-12-11,0000713-41.2023.5.08.0124
TRT8,2023-12-10,0000539-50.2023.5.08.0118
TRT8,2023-12-08,0000778-88.2022.5.08.0118
TRT8,2023-12-07,0000251-63.2023.5.08.0131
TRT8,2023-12-07,0000368-94.2022.5.08.0129
TRT8,2023-12-07,0000005-24.2023.5.08.0113
TRT8,2023-12-07,0000404-97.2020.5.08.0003
TRT8,2023-12-06,0000822-14.2015.5.08.0002
TRT8,2023-12-05,0000222-13.2023.5.08.0131
TRT8,2023-12-05,0000286-06.2020.5.08.0106
TRT8,2023-12-05,0000544-90.2023.5.08.0015
TRT8,2023-12-04,0000197-54.2019.5.08.0126
TRT8,2023-12-04,0000356-55.2023.5.08.0126
TRT8,2023-12-04,0000608-09.2023.5.08.0110
TRT8,2023-12-04,0000206-16.2023.5.08.0113
TRT8,2023-12-01,0000639-56.2023.5.08.0004
TRT8,2023-12-01,0000700-94.2022.5.08.0118
TRT8,2023-11-30,0001755-26.2016.5.08.0010
TRT8,2023-11-30,0000368-29.2023.5.08.0107
TRT8,2023-11-30,0000523-14.2023.5.08.0113
TRT8,2023-11-29,0000455-67.2023.5.08.0015
TRT8,2023-11-29,0000018-08.2023.5.08.0118
TRT8,2023-11-29,0000224-37.2023.5.08.0113
TRT8,2023-11-29,0000415-15.2023.5.08.0103
TRT8,2023-11-29,0001192-02.2016.5.08.0117
TRT8,2023-11-29,0000025-45.2023.5.08.0103
TRT8,2023-11-28,0000490-67.2022.5.08.0110
TRT8,2023-11-28,0000052-98.2023.5.08.0015
TRT8,2023-11-28,0000706-91.2023.5.08.0013
TRT8,2023-11-28,0000518-13.2023.5.08.0009
TRT8,2023-11-27,0000237-33.2023.5.08.0017
TRT8,2023-11-27,0000858-97.2023.5.08.0124
TRT8,2023-11-24,0000165-16.2022.5.08.0103
TRT8,2023-11-24,0000298-27.2023.5.08.0005
TRT8,2023-11-24,0000363-47.2023.5.08.0126
TRT8,2023-11-23,0000363-83.2023.5.08.0114
TRT8,2023-11-23,0000174-08.2023.5.08.0114
TRT8,2023-11-23,0000498-16.2023.5.08.0205
TRT8,2023-11-23,0000627-40.2018.5.08.0126
TRT8,2023-11-23,0000767-19.2023.5.08.0120
TRT8,2023-11-23,0000319-61.2023.5.08.0115
TRT8,2023-11-23,0000732-29.2022.5.08.0109
TRT8,2023-11-22,0000722-55.2022.5.08.0118
TRT8,2023-11-22,0000015-95.2019.5.08.0117
TRT8,2023-11-22,0000753-56.2023.5.08.0113
TRT8,2023-11-22,0000603-66.2023.5.08.0116
TRT8,2023-11-22,0000514-29.2021.5.08.0014
TRT8,2023-11-21,0000369-73.2022.5.08.0131
TRT8,2023-11-21,0000617-47.2023.5.08.0117
TRT8,2023-11-21,0000402-65.2023.5.08.0119
TRT8,2023-11-20,0000317-46.2023.5.08.0130
TRT8,2023-11-20,0000134-14.2023.5.08.0118
TRT8,2023-11-20,0000615-80.2018.5.08.0011
TRT8,2023-11-19,0000605-18.2022.5.08.0101
TRT8,2023-11-17,0000074-05.2023.5.08.0130
TRT8,2023-11-17,0000689-13.2023.5.08.0124
TRT8,2023-11-17,0000275-04.2021.5.08.0118
TRT8,2023-11-17,0000535-82.2020.5.08.0129
TRT8,2023-11-17,0000412-74.2021.5.08.0121
TRT8,2023-11-16,0000282-13.2018.5.08.0114
TRT8,2023-11-16,0001089-54.2023.5.08.0115
TRT8,2023-11-16,0000697-51.2022.5.08.0115
TRT8,2023-11-16,0000469-33.2023.5.08.0118
TRT8,2023-11-16,0000015-95.2019.5.08.0117
TRT8,2023-11-16,0000605-79.2022.5.08.0113
TRT8,2023-11-16,0000207-67.2019.5.08.0007
TRT8,2023-11-14,0000854-76.2022.5.08.0130
TRT8,2023-11-13,0000578-07.2023.5.08.0002
TRT8,2023-11-13,0000172-08.2023.5.08.0124
TRT8,2023-11-13,0000040-42.2023.5.08.0126
TRT8,2023-11-13,0000548-82.2022.5.08.0009
TRT8,2023-11-13,0000358-49.2023.5.08.0118
TRT8,2023-11-10,0000597-47.2023.5.08.0120
TRT8,2023-11-10,0000363-83.2023.5.08.0114
TRT8,2023-11-10,0000134-14.2023.5.08.0118
TRT8,2023-11-09,0000392-66.2023.5.08.0201
TRT8,2023-11-09,0000028-40.2018.5.08.0114
TRT8,2023-11-09,0000425-59.2023.5.08.0103
TRT8,2023-11-09,0000214-14.2023.5.08.0203
TRT8,2023-11-09,0000141-80.2017.5.08.0129
TRT8,2023-11-09,0000133-29.2023.5.08.0118
TRT8,2023-11-09,0000775-81.2023.5.08.0124
TRT8,2023-11-09,0000352-50.2020.5.08.0117
TRT8,2023-11-09,0000158-45.2023.5.08.0117
TRT8,2023-11-08,0000294-60.2023.5.08.0014
TRT8,2023-11-08,0000168-56.2023.5.08.0128
TRT8,2023-11-08,0000556-43.2023.5.08.0003
TRT8,2023-11-08,0000465-02.2023.5.08.0116
TRT8,2023-11-08,0000537-80.2023.5.08.0118
TRT8,2023-11-08,0000052-98.2023.5.08.0015
TRT8,2023-11-07,0000419-17.2022.5.08.0126
TRT8,2023-11-07,0000146-10.2022.5.08.0103
TRT8,2023-11-07,0000408-20.2023.5.08.0104
TRT8,2023-11-07,0000539-41.2023.5.08.0121
TRT8,2023-11-07,0000688-28.2023.5.08.0124
TRT8,2023-11-06,0000542-54.2022.5.08.0113
TRT8,2023-11-06,0001015-13.2017.5.08.0114
TRT8,2023-11-06,0001013-43.2017.5.08.0114
TRT8,2023-11-06,0000938-28.2022.5.08.0114
TRT8,2023-11-06,0000657-71.2023.5.08.0006
TRT8,2023-11-06,0000274-30.2022.5.08.0103
TRT8,2023-11-06,0000439-32.2022.5.08.0118
TRT8,2023-11-02,0000194-60.2023.5.08.0126
TRT8,2023-10-31,0000708-52.2023.5.08.0113
TRT8,2023-10-31,0000234-08.2023.5.08.0105
TRT8,2023-10-31,0000383-31.2019.5.08.0109
TRT8,2023-10-31,0000305-68.2023.5.08.0118
TRT8,2023-10-31,0000532-33.2020.5.08.0128
TRT8,2023-10-31,0000633-22.2023.5.08.0110
TRT8,2023-10-31,0000479-80.2023.5.08.0117
TRT8,2023-10-30,0001014-28.2017.5.08.0114
TRT8,2023-10-30,0000592-18.2019.5.08.0103
TRT8,2023-10-30,0000540-30.2021.5.08.0013
TRT8,2023-10-30,0000239-36.2023.5.08.0103
TRT8,2023-10-30,0000699-54.2022.5.08.0007
TRT8,2023-10-30,0000775-81.2023.5.08.0124
TRT8,2023-10-30,0000923-16.2018.5.08.0109
TRT8,2023-10-30,0000173-60.2022.5.08.0113
TRT8,2023-10-30,0000404-02.2023.5.08.0130
TRT8,2023-10-30,0000164-25.2022.5.08.0008
TRT8,2023-10-27,0000881-20.2021.5.08.0122
TRT8,2023-10-27,0000250-20.2019.5.08.0131
TRT8,2023-10-27,0000095-33.2021.5.08.0103
TRT8,2023-10-27,0000348-11.2023.5.08.0116
TRT8,2023-10-27,0000834-85.2022.5.08.0130
TRT8,2023-10-27,0000671-38.2022.5.08.0120
TRT8,2023-10-27,0000246-80.2023.5.08.0118
TRT8,2023-10-26,0000131-04.2019.5.08.0117
TRT8,2023-10-26,0000592-92.2023.5.08.0130
TRT8,2023-10-26,0000694-68.2023.5.08.0113
TRT8,2023-10-26,0001030-23.2019.5.08.0207
TRT8,2023-10-26,0001513-04.2016.5.08.0128
TRT8,2023-10-26,0000519-62.2023.5.08.0117
TRT8,2023-10-26,0000701-72.2023.5.08.0109
TRT8,2023-10-26,0000600-69.2023.5.08.0130
TRT8,2023-10-26,0000306-23.2022.5.08.0107
TRT8,2023-10-25,0000009-48.2020.5.08.0119
TRT8,2023-10-25,0000788-80.2023.5.08.0124
TRT8,2023-10-25,0000048-05.2021.5.08.0121
TRT8,2023-10-25,0000186-07.2023.5.08.0119
TRT8,2023-10-24,0000148-47.2018.5.08.0126
TRT8,2023-10-24,0000525-03.2022.5.08.0118
TRT8,2023-10-24,0000155-20.2023.5.08.0108
TRT8,2023-10-24,0000728-52.2023.5.08.0110
TRT8,2023-10-23,0000924-10.2023.5.08.0114
TRT8,2023-10-23,0000031-80.2023.5.08.0126
TRT8,2023-10-20,0000455-67.2023.5.08.0015
TRT8,2023-10-20,0000619-84.2022.5.08.0009
TRT8,2023-10-20,0000846-86.2018.5.08.0115
TRT8,2023-10-20,0000865-56.2022.5.08.0114
TRT8,2023-10-19,0000439-32.2022.5.08.0118
TRT8,2023-10-19,0000808-08.2022.5.08.0124
TRT8,2023-10-19,0001838-13.2019.5.08.0115
TRT8,2023-10-19,0000225-46.2023.5.08.0105
TRT8,2023-10-19,0000366-76.2016.5.08.0019
TRT8,2023-10-18,0000706-65.2021.5.08.0109
TRT8,2023-10-18,0000185-07.2023.5.08.0124
TRT8,2023-10-18,0000369-73.2022.5.08.0131
TRT8,2023-10-17,0000520-19.2019.5.08.0107
TRT8,2023-10-17,0001047-84.2023.5.08.0121
TRT8,2023-10-17,0000712-19.2019.5.08.0117
TRT8,2023-10-16,0000287-08.2023.5.08.0131
TRT8,2023-10-16,0000320-61.2023.5.08.0013
TRT8,2023-10-16,0000351-87.2023.5.08.0011
TRT8,2023-10-16,0000857-43.2022.5.08.0126
TRT8,2023-10-16,0000496-31.2023.5.08.0016
TRT8,2023-10-16,0000065-71.2022.5.08.0132
TRT8,2023-10-16,0000478-93.2017.5.08.0121
TRT8,2023-10-16,0000544-90.2023.5.08.0015
TRT8,2023-10-16,0000412-74.2021.5.08.0121
TRT8,2023-10-11,0000478-35.2022.5.08.0116
TRT8,2023-10-11,0000513-67.2023.5.08.0113
TRT8,2023-10-11,0000208-09.2021.5.08.0128
TRT8,2023-10-11,0000387-45.2022.5.08.0115
TRT8,2023-10-11,0000221-94.2023.5.08.0012
TRT8,2023-10-11,0000104-09.2023.5.08.0108
TRT8,2023-10-10,0000513-55.2019.5.08.0130
TRT8,2023-10-10,0000556-53.2023.5.08.0129
TRT8,2023-10-10,0000383-31.2019.5.08.0109
TRT8,2023-10-09,0000362-46.2014.5.08.0007
TRT8,2023-10-09,0000651-14.2022.5.08.0131
TRT8,2023-10-09,0000063-24.2023.5.08.0114
TRT8,2023-10-09,0000246-92.2023.5.08.0017
TRT8,2023-10-09,0000239-25.2022.5.08.0118
TRT8,2023-10-06,0000782-03.2023.5.08.0115
TRT8,2023-10-06,0000394-24.2019.5.08.0121
TRT8,2023-10-06,0000306-27.2017.5.08.0130
TRT8,2023-10-05,0000545-63.2023.5.08.0019
TRT8,2023-10-05,0000550-67.2022.5.08.0101
TRT8,2023-10-05,0000546-77.2021.5.08.0129
TRT8,2023-10-04,0000596-39.2021.5.08.0118
TRT8,2023-10-04,0000450-95.2021.5.08.0118
TRT8,2023-10-04,0000019-23.2023.5.08.0205
TRT8,2023-10-04,0000631-28.2023.5.08.0118
TRT8,2023-10-04,0000516-55.2019.5.08.0018
TRT8,2023-10-04,0000866-53.2023.5.08.0131
TRT8,2023-10-04,0000454-87.2020.5.08.0015
TRT8,2023-10-03,0000012-98.2023.5.08.0118
TRT8,2023-10-03,0000599-38.2023.5.08.0113
TRT8,2023-10-03,0000044-85.2022.5.08.0103
TRT8,2023-10-03,0000554-43.2023.5.08.0110
TRT8,2023-10-03,0000236-22.2021.5.08.0113
TRT8,2023-10-03,0000049-86.2022.5.08.0110
TRT8,2023-10-03,0000315-79.2023.5.08.0129
TRT8,2023-10-03,0000688-28.2023.5.08.0124
TRT8,2023-10-03,0000040-88.2022.5.08.0122
TRT8,2023-10-02,0000327-44.2023.5.08.0113
TRT8,2023-10-02,0000302-48.2021.5.08.0130
TRT8,2023-10-02,0000519-47.2023.5.08.0122
TRT8,2023-10-02,0000099-60.2018.5.08.0108
TRT8,2023-10-02,0000589-46.2023.5.08.0128
TRT8,2023-10-01,0000482-82.2020.5.08.0103
TRT8,2023-09-29,0000591-72.2020.5.08.0014
TRT8,2023-09-29,0000145-30.2020.5.08.0124
TRT8,2023-09-29,0000580-41.2023.5.08.0207
TRT8,2023-09-29,0000586-39.2023.5.08.0210
TRT8,2023-09-29,0000544-90.2023.5.08.0015
TRT8,2023-09-28,0000446-44.2023.5.08.0003
TRT8,2023-09-28,0001178-50.2018.5.08.0116
TRT8,2023-09-28,0000316-05.2015.5.08.0013
TRT8,2023-09-28,0000029-07.2023.5.08.0128
TRT8,2023-09-28,0000411-83.2020.5.08.0005
TRT8,2023-09-27,0000482-66.2022.5.08.0118
TRT8,2023-09-27,0000575-16.2023.5.08.0014
TRT8,2023-09-27,0000587-80.2017.5.08.0130
TRT8,2023-09-26,0000935-25.2021.5.08.0109
TRT8,2023-09-25,0000422-83.2023.5.08.0110
TRT8,2023-09-25,0000877-15.2023.5.08.0121
TRT8,2023-09-25,0000461-54.2022.5.08.0130
TRT8,2023-09-25,0001258-06.2017.5.08.0130
TRT8,2023-09-25,0000766-56.2022.5.08.0124
TRT8,2023-09-25,0000968-63.2022.5.08.0114
TRT8,2023-09-25,0000555-31.2023.5.08.0206
TRT8,2023-09-22,0000588-68.2017.5.08.0129
TRT8,2023-09-22,0000539-86.2023.5.08.0106
TRT8,2023-09-22,0000706-83.2022.5.08.0124
TRT8,2023-09-22,0000394-24.2019.5.08.0121
TRT8,2023-09-21,0000143-12.2023.5.08.0203
TRT8,2023-09-21,0000066-94.2023.5.08.0108
TRT8,2023-09-21,0000065-12.2023.5.08.0108
TRT8,2023-09-20,0000099-64.2022.5.08.0126
TRT8,2023-09-20,0000957-83.2022.5.08.0130
TRT8,2023-09-20,0000381-49.2023.5.08.0003
TRT8,2023-09-20,0000600-25.2020.5.08.0114
TRT8,2023-09-20,0001143-95.2020.5.08.0124
TRT8,2023-09-20,0000721-51.2023.5.08.0210
TRT8,2023-09-19,0000484-50.2014.5.08.0107
TRT8,2023-09-19,0000161-03.2023.5.08.0019
TRT8,2023-09-19,0001838-13.2019.5.08.0115
TRT8,2023-09-19,0000988-68.2019.5.08.0111
TRT8,2023-09-19,0000025-06.2023.5.08.0116
TRT8,2023-09-19,0000712-57.2021.5.08.0114
TRT8,2023-09-18,0000398-02.2017.5.08.0131
TRT8,2023-09-18,0000309-23.2023.5.08.0016
TRT8,2023-09-18,0000133-47.2019.5.08.0125
TRT8,2023-09-18,0000436-65.2017.5.08.0114
TRT8,2023-09-18,0000586-92.2021.5.08.0118
TRT8,2023-09-18,0000529-12.2023.5.08.0019
TRT8,2023-09-18,0000291-19.2021.5.08.0130
TRT8,2023-09-18,0000567-04.2021.5.08.0113
TRT8,2023-09-18,0000579-44.2023.5.08.0017
TRT8,2023-09-18,0000040-88.2022.5.08.0122
TRT8,2023-09-17,0000650-74.2018.5.08.0129
TRT8,2023-09-15,0000823-10.2022.5.08.0210
TRT8,2023-09-15,0000683-15.2023.5.08.0121
TRT8,2023-09-15,0000830-49.2019.5.08.0002
TRT8,2023-09-15,0000274-36.2022.5.08.0101
TRT8,2023-09-15,0000653-23.2022.5.08.0118
TRT8,2023-09-15,0010144-66.2017.5.08.0203
TRT8,2023-09-14,0000714-08.2022.5.08.0109
TRT8,2023-09-14,0000988-06.2022.5.08.0130
TRT8,2023-09-14,0000827-93.2022.5.08.0130
TRT8,2023-09-14,0000662-22.2017.5.08.0130
TRT8,2023-09-14,0000744-55.2022.5.08.0105
TRT8,2023-09-13,0000557-10.2023.5.08.0106
TRT8,2023-09-13,0000614-86.2023.5.08.0119
TRT8,2023-09-13,0000819-42.2023.5.08.0111
TRT8,2023-09-13,0000453-61.2023.5.08.0124
TRT8,2023-09-13,0000262-14.2021.5.08.0115
TRT8,2023-09-13,0000656-75.2022.5.08.0118
TRT8,2023-09-12,0000821-61.2022.5.08.0106
TRT8,2023-09-12,0000822-46.2022.5.08.0106
TRT8,2023-09-12,0000614-35.2022.5.08.0115
TRT8,2023-09-12,0000415-70.2023.5.08.0117
TRT8,2023-09-11,0000098-63.2023.5.08.0120
TRT8,2023-09-11,0001227-58.2017.5.08.0106
TRT8,2023-09-11,0000303-13.2023.5.08.0017
TRT8,2023-09-11,0000280-23.2021.5.08.0119
TRT8,2023-09-11,0010144-66.2017.5.08.0203
TRT8,2023-09-06,0000586-39.2023.5.08.0210
TRT8,2023-09-06,0000516-03.2020.5.08.0121
TRT8,2023-09-06,0000135-09.2017.5.08.0118
TRT8,2023-09-06,0000153-41.2023.5.08.0014
TRT8,2023-09-06,0000009-05.2020.5.08.0101
TRT8,2023-09-06,0000301-37.2023.5.08.0116
TRT8,2023-09-06,0000281-73.2023.5.08.0107
TRT8,2023-09-05,0000582-81.2023.5.08.0119
TRT8,2023-09-05,0000516-65.2022.5.08.0110
TRT8,2023-09-05,0000091-64.2020.5.08.0124
TRT8,2023-09-05,0000499-85.2020.5.08.0114
TRT8,2023-09-04,0000677-89.2020.5.08.0128
TRT8,2023-09-04,0000496-31.2023.5.08.0016
TRT8,2023-09-02,0000845-29.2022.5.08.0126
TRT8,2023-09-01,0000656-54.2017.5.08.0117
TRT8,2023-09-01,0000962-56.2022.5.08.0114
TRT8,2023-08-31,0000014-38.2018.5.08.0120
TRT8,2023-08-31,0000173-35.2023.5.08.0110
TRT8,2023-08-31,0000289-41.2023.5.08.0013
TRT8,2023-08-31,0000665-35.2020.5.08.0012
TRT8,2023-08-31,0000723-04.2022.5.08.0130
TRT8,2023-08-31,0010710-50.2015.5.08.0117
TRT8,2023-08-30,0000413-97.2023.5.08.0118
TRT8,2023-08-30,0000413-97.2023.5.08.0118
TRT8,2023-08-30,0000555-31.2023.5.08.0206
TRT8,2023-08-30,0000165-16.2022.5.08.0103
TRT8,2023-08-30,0000662-22.2017.5.08.0130
TRT8,2023-08-29,0000956-98.2021.5.08.0109
TRT8,2023-08-29,0000695-63.2022.5.08.0121
TRT8,2023-08-28,0000124-22.2017.5.08.0201
TRT8,2023-08-28,0000337-25.2022.5.08.0113
TRT8,2023-08-28,0000012-16.2023.5.08.0113
TRT8,2023-08-28,0000261-92.2022.5.08.0018
TRT8,2023-08-25,0000734-26.2023.5.08.0121
TRT8,2023-08-24,0000232-20.2023.5.08.0111
TRT8,2023-08-24,0000806-35.2022.5.08.0125
TRT8,2023-08-24,0000440-89.2023.5.08.0115
TRT8,2023-08-24,0000003-06.2023.5.08.0129
TRT8,2023-08-23,0000499-85.2020.5.08.0114
TRT8,2023-08-23,0000540-75.2022.5.08.0116
TRT8,2023-08-23,0000065-03.2023.5.08.0111
TRT8,2023-08-23,0000727-34.2023.5.08.0121
TRT8,2023-08-22,0000066-77.2021.5.08.0104
TRT8,2023-08-22,0000094-42.2022.5.08.0126
TRT8,2023-08-22,0000778-37.2021.5.08.0114
TRT8,2023-08-22,0000024-88.2023.5.08.0126
TRT8,2023-08-22,0000422-62.2023.5.08.0117
TRT8,2023-08-18,0000137-36.2022.5.08.0107
TRT8,2023-08-18,0000030-55.2023.5.08.0107
TRT8,2023-08-18,0000820-83.2021.5.08.0115
TRT8,2023-08-18,0000445-59.2023.5.08.0003
TRT8,2023-08-18,0000886-81.2017.5.08.0122
TRT8,2023-08-18,0000339-49.2023.5.08.0116
TRT8,2023-08-18,0000374-34.2022.5.08.0119
TRT8,2023-08-17,0000185-58.2023.5.08.0107
TRT8,2023-08-17,0000165-91.2019.5.08.0015
TRT8,2023-08-17,0000792-14.2022.5.08.0105
TRT8,2023-08-17,0000593-03.2019.5.08.0103
TRT8,2023-08-17,0000033-54.2021.5.08.0115
TRT8,2023-08-17,0000232-94.2022.5.08.0130
TRT8,2023-08-16,0000013-59.2022.5.08.0202
TRT8,2023-08-16,0000572-14.2021.5.08.0117
TRT8,2023-08-16,0000712-57.2021.5.08.0114
TRT8,2023-08-16,0000371-88.2022.5.08.0116
TRT8,2023-08-14,0000202-19.2022.5.08.0208
TRT8,2023-08-11,0000632-42.2020.5.08.0207
TRT8,2023-08-10,0000264-36.2020.5.08.0109
TRT8,2023-08-10,0000053-18.2021.5.08.0124
TRT8,2023-08-10,0000082-60.2023.5.08.0201
TRT8,2023-08-10,0000219-15.2019.5.08.0126
TRT8,2023-08-09,0000156-05.2023.5.08.0108
TRT8,2023-08-09,0001181-03.2016.5.08.0010
TRT8,2023-08-09,0000439-32.2022.5.08.0118
TRT8,2023-08-09,0000478-02.2021.5.08.0009
TRT8,2023-08-09,0000658-81.2022.5.08.0106
TRT8,2023-08-09,0000038-09.2021.5.08.0105
TRT8,2023-08-09,0000125-91.2023.5.08.0105
TRT8,2023-08-09,0001838-13.2019.5.08.0115
TRT8,2023-08-08,0000748-47.2022.5.08.0120
TRT8,2023-08-08,0000044-85.2022.5.08.0103
TRT8,2023-08-08,0001260-56.2014.5.08.0202
TRT8,2023-08-08,0000460-10.2023.5.08.0106
TRT8,2023-08-08,0000218-06.2022.5.08.0003
TRT8,2023-08-07,0000677-70.2020.5.08.0005
TRT8,2023-08-07,0000431-78.2023.5.08.0002
TRT8,2023-08-07,0000352-50.2020.5.08.0117
TRT8,2023-08-07,0000488-50.2016.5.08.0129
TRT8,2023-08-07,0000158-09.2023.5.08.0129
TRT8,2023-08-07,0000339-46.2023.5.08.0117
TRT8,2023-08-06,0000726-71.2021.5.08.0007
TRT8,2023-08-04,0001233-15.2015.5.08.0016
TRT8,2023-08-04,0000436-65.2017.5.08.0114
TRT8,2023-08-04,0000531-06.2023.5.08.0011
TRT8,2023-08-04,0000840-13.2022.5.08.0124
TRT8,2023-08-03,0000003-06.2023.5.08.0129
TRT8,2023-08-03,0000554-73.2023.5.08.0003
TRT8,2023-08-03,0000196-09.2018.5.08.0125
TRT8,2023-08-03,0000656-54.2017.5.08.0117
TRT8,2023-08-03,0000596-41.2022.5.08.0009
TRT8,2023-08-03,0000237-64.2022.5.08.0115
TRT8,2023-08-02,0000134-32.2019.5.08.0125
TRT8,2023-08-02,0000447-33.2022.5.08.0013
TRT8,2023-08-02,0000898-05.2020.5.08.0118
TRT8,2023-08-02,0000544-96.2023.5.08.0110
TRT8,2023-08-02,0000734-08.2022.5.08.0009
TRT8,2023-08-01,0001044-84.2022.5.08.0115
TRT8,2023-08-01,0000487-13.2020.5.08.0101
TRT8,2023-08-01,0000805-22.2022.5.08.0005
TRT8,2023-08-01,0000184-07.2023.5.08.0129
TRT8,2023-08-01,0000230-84.2018.5.08.0124
TRT8,2023-07-31,0000465-36.2022.5.08.0116
TRT8,2023-07-31,0000545-91.2022.5.08.0118
TRT8,2023-07-31,0001233-15.2015.5.08.0016
TRT8,2023-07-31,0000783-25.2022.5.08.0114
TRT8,2023-07-31,0000338-85.2023.5.08.0109
TRT8,2023-07-31,0000558-20.2022.5.08.0109
TRT8,2023-07-31,0000316-05.2015.5.08.0013
TRT8,2023-07-31,0000112-08.2022.5.08.0015
TRT8,2023-07-27,0000045-42.2023.5.08.0101
TRT8,2023-07-27,0000100-76.2022.5.08.0117
TRT8,2023-07-27,0000309-23.2023.5.08.0016
TRT8,2023-07-27,0000772-21.2017.5.08.0130
TRT8,2023-07-26,0010146-35.2015.5.08.0129
TRT8,2023-07-26,0000222-12.2023.5.08.0002
TRT8,2023-07-25,0000259-09.2023.5.08.0109
TRT8,2023-07-24,0000724-67.2018.5.08.0117
TRT8,2023-07-24,0000264-36.2020.5.08.0109
TRT8,2023-07-24,0000391-51.2018.5.08.0203
TRT8,2023-07-24,0000108-15.2019.5.08.0002
TRT8,2023-07-24,0000426-94.2022.5.08.0130
TRT8,2023-07-24,0000291-11.2023.5.08.0110
TRT8,2023-07-24,0000079-87.2023.5.08.0110
TRT8,2023-07-24,0000213-51.2022.5.08.0110
TRT8,2023-07-24,0000112-13.2023.5.08.0002
TRT8,2023-07-24,0001143-95.2020.5.08.0124
TRT8,2023-07-24,0000552-40.2023.5.08.0121
TRT8,2023-07-24,0000171-73.2021.5.08.0130
TRT8,2023-07-21,0000046-22.2022.5.08.0114
TRT8,2023-07-20,0000627-85.2023.5.08.0119
TRT8,2023-07-20,0000471-04.2022.5.08.0129
TRT8,2023-07-20,0000351-43.2017.5.08.0126
TRT8,2023-07-20,0000770-53.2022.5.08.0105
TRT8,2023-07-20,0000293-18.2022.5.08.0012
TRT8,2023-07-19,0000096-91.2022.5.08.0132
TRT8,2023-07-19,0010675-35.2015.5.08.0103
TRT8,2023-07-19,0000873-68.2019.5.08.0201
TRT8,2023-07-19,0000405-90.2022.5.08.0107
TRT8,2023-07-18,0000276-53.2021.5.08.0129
TRT8,2023-07-18,0000665-93.2019.5.08.0101
TRT8,2023-07-18,0000487-13.2020.5.08.0101
TRT8,2023-07-18,0000531-95.2021.5.08.0101
TRT8,2023-07-18,0001562-65.2017.5.08.0013
TRT8,2023-07-18,0000266-98.2023.5.08.0206
TRT8,2023-07-17,0000045-42.2023.5.08.0101
TRT8,2023-07-17,0000492-07.2021.5.08.0002
TRT8,2023-07-17,0000995-95.2022.5.08.0130
TRT8,2023-07-17,0000188-38.2022.5.08.0110
TRT8,2023-07-17,0000769-29.2022.5.08.0118
TRT8,2023-07-17,0000661-39.2022.5.08.0105
TRT8,2023-07-14,0000322-65.2022.5.08.0110
TRT8,2023-07-14,0000341-43.2023.5.08.0205
TRT8,2023-07-13,0000363-89.2023.5.08.0209
TRT8,2023-07-13,0000540-75.2022.5.08.0116
TRT8,2023-07-12,0000868-02.2017.5.08.0109
TRT8,2023-07-12,0000467-87.2023.5.08.0110
TRT8,2023-07-12,0000012-16.2023.5.08.0113
TRT8,2023-07-12,0001162-75.2017.5.08.0005
TRT8,2023-07-12,0000431-85.2023.5.08.0129
TRT8,2023-07-11,0000923-16.2018.5.08.0109
TRT8,2023-07-11,0000597-24.2021.5.08.0118
TRT8,2023-07-11,0000520-39.2021.5.08.0110
TRT8,2023-07-11,0000224-37.2023.5.08.0113
TRT8,2023-07-11,0000251-63.2023.5.08.0131
TRT8,2023-07-11,0000190-98.2023.5.08.0004
TRT8,2023-07-11,0000488-30.2023.5.08.0121
TRT8,2023-07-10,0000220-30.2023.5.08.0103
TRT8,2023-07-10,0000131-04.2019.5.08.0117
TRT8,2023-07-10,0000430-10.2016.5.08.0012
TRT8,2023-07-07,0000096-91.2022.5.08.0132
TRT8,2023-07-06,0000232-14.2023.5.08.0113
TRT8,2023-07-06,0000647-67.2022.5.08.0004
TRT8,2023-07-05,0000655-29.2022.5.08.0009
TRT8,2023-07-04,0000155-20.2023.5.08.0108
TRT8,2023-07-04,0000085-71.2021.5.08.0108
TRT8,2023-07-03,0000710-05.2021.5.08.0012
TRT8,2023-07-03,0000025-10.2021.5.08.0105
TRT8,2023-07-03,0000435-19.2022.5.08.0110
TRT8,2023-06-30,0000172-69.2022.5.08.0018
TRT8,2023-06-30,0000077-85.2022.5.08.0132
TRT8,2023-06-30,0000321-80.2022.5.08.0110
TRT8,2023-06-30,0000560-23.2023.5.08.0119
TRT8,2023-06-29,0000578-71.2023.5.08.0207
TRT8,2023-06-29,0000994-13.2022.5.08.0130
TRT8,2023-06-29,0000060-18.2023.5.08.0131
TRT8,2023-06-28,0000185-89.2023.5.08.0129
TRT8,2023-06-28,0000315-79.2023.5.08.0129
TRT8,2023-06-28,0000184-07.2023.5.08.0129
TRT8,2023-06-28,0000014-05.2022.5.08.0118
TRT8,2023-06-28,0000118-18.2023.5.08.0132
TRT8,2023-06-28,0000106-34.2022.5.08.0101
TRT8,2023-06-27,0001015-13.2017.5.08.0114
TRT8,2023-06-27,0001013-43.2017.5.08.0114
TRT8,2023-06-27,0000717-73.2021.5.08.0116
TRT8,2023-06-27,0001014-28.2017.5.08.0114
TRT8,2023-06-27,0000235-90.2023.5.08.0105
TRT8,2023-06-27,0000002-94.2022.5.08.0116
TRT8,2023-06-27,0000430-20.2020.5.08.0125
TRT8,2023-06-26,0000306-20.2023.5.08.0129
TRT8,2023-06-26,0000441-03.2021.5.08.0129
TRT8,2023-06-26,0000124-22.2017.5.08.0201
TRT8,2023-06-26,0000127-87.2021.5.08.0119
TRT8,2023-06-26,0000231-53.2023.5.08.0105
TRT8,2023-06-23,0000011-38.2017.5.08.0114
TRT8,2023-06-23,0000359-83.2018.5.08.0126
TRT8,2023-06-23,0000185-62.2022.5.08.0117
TRT8,2023-06-23,0000010-86.2023.5.08.0132
TRT8,2023-06-23,0000158-45.2023.5.08.0117
TRT8,2023-06-23,0000525-18.2018.5.08.0126
TRT8,2023-06-22,0001101-36.2017.5.08.0129
TRT8,2023-06-22,0000744-55.2022.5.08.0105
TRT8,2023-06-22,0000162-25.2022.5.08.0018
TRT8,2023-06-22,0000099-78.2023.5.08.0110
TRT8,2023-06-21,0000055-30.2022.5.08.0131
TRT8,2023-06-21,0000419-22.2023.5.08.0210
TRT8,2023-06-21,0000520-39.2021.5.08.0110
TRT8,2023-06-21,0000761-34.2022.5.08.0124
TRT8,2023-06-21,0000464-12.2022.5.08.0129
TRT8,2023-06-21,0000328-29.2023.5.08.0113
TRT8,2023-06-21,0000460-53.2023.5.08.0124
TRT8,2023-06-21,0000194-11.2023.5.08.0110
TRT8,2023-06-21,0000954-06.2022.5.08.0106
TRT8,2023-06-21,0000255-06.2023.5.08.0130
TRT8,2023-06-20,0000009-05.2020.5.08.0101
TRT8,2023-06-20,0000421-04.2023.5.08.0012
TRT8,2023-06-20,0000248-95.2023.5.08.0103
TRT8,2023-06-20,0000046-08.2021.5.08.0130
TRT8,2023-06-20,0000432-27.2023.5.08.0111
TRT8,2023-06-20,0000286-94.2021.5.08.0130
TRT8,2023-06-20,0000198-42.2023.5.08.0015
TRT8,2023-06-19,0000566-19.2021.5.08.0113
TRT8,2023-06-19,0000392-66.2023.5.08.0201
TRT8,2023-06-16,0000192-30.2022.5.08.0125
TRT8,2023-06-16,0000366-08.2022.5.08.0103
TRT8,2023-06-15,0000422-65.2023.5.08.0019
TRT8,2023-06-15,0000539-41.2023.5.08.0121
TRT8,2023-06-15,0000572-50.2021.5.08.0105
TRT8,2023-06-14,0000311-92.2020.5.08.0114
TRT8,2023-06-14,0000411-83.2020.5.08.0005
TRT8,2023-06-14,0000190-98.2023.5.08.0004
TRT8,2023-06-14,0000537-60.2021.5.08.0115
TRT8,2023-06-14,0000349-20.2023.5.08.0205
TRT8,2023-06-14,0000284-74.2022.5.08.0103
TRT8,2023-06-14,0000770-53.2022.5.08.0105
TRT8,2023-06-14,0000558-20.2022.5.08.0109
TRT8,2023-06-13,0000758-76.2022.5.08.0125
TRT8,2023-06-13,0000328-29.2023.5.08.0113
TRT8,2023-06-13,0000204-64.2023.5.08.0107
TRT8,2023-06-13,0000098-63.2023.5.08.0120
TRT8,2023-06-13,0000865-56.2022.5.08.0114
TRT8,2023-06-12,0000460-53.2023.5.08.0124
TRT8,2023-06-12,0000387-45.2022.5.08.0115
TRT8,2023-06-12,0000155-97.2022.5.08.0126
TRT8,2023-06-12,0000006-33.2023.5.08.0105
TRT8,2023-06-12,0010310-98.2017.5.08.0203
TRT8,2023-06-12,0000564-42.2022.5.08.0007
TRT8,2023-06-12,0000421-91.2015.5.08.0009
TRT8,2023-06-12,0000854-73.2022.5.08.0131
TRT8,2023-06-12,0000633-66.2021.5.08.0118
TRT8,2023-06-12,0000204-37.2023.5.08.0116
TRT8,2023-06-09,0000561-54.2022.5.08.0018
TRT8,2023-06-09,0000035-90.2022.5.08.0114
TRT8,2023-06-07,0000965-75.2017.5.08.0117
TRT8,2023-06-07,0000183-53.2022.5.08.0130
TRT8,2023-06-07,0000291-57.2022.5.08.0203
TRT8,2023-06-07,0000294-12.2022.5.08.0203
TRT8,2023-06-06,0000239-92.2021.5.08.0107
TRT8,2023-06-06,0000654-62.2022.5.08.0003
TRT8,2023-06-06,0000769-88.2019.5.08.0003
TRT8,2023-06-06,0000936-10.2022.5.08.0130
TRT8,2023-06-06,0000459-68.2022.5.08.0103
TRT8,2023-06-05,0000393-49.2022.5.08.0116
TRT8,2023-06-05,0000091-28.2023.5.08.0005
TRT8,2023-06-05,0000047-08.2021.5.08.0125
TRT8,2023-06-05,0001195-23.2017.5.08.0019
TRT8,2023-06-02,0000137-36.2022.5.08.0107
TRT8,2023-06-02,0000198-42.2023.5.08.0015
TRT8,2023-06-02,0000535-90.2021.5.08.0115
TRT8,2023-06-02,0000159-30.2018.5.08.0109
TRT8,2023-06-02,0000370-45.2023.5.08.0124
TRT8,2023-06-02,0000327-86.2023.5.08.0002
TRT8,2023-06-01,0000074-14.2022.5.08.0106
TRT8,2023-06-01,0000013-23.2022.5.08.0117
TRT8,2023-06-01,0000185-81.2021.5.08.0122
TRT8,2023-06-01,0000326-53.2023.5.08.0115
TRT8,2023-05-31,0000325-74.2023.5.08.0113
TRT8,2023-05-31,0000429-31.2021.5.08.0115
TRT8,2023-05-31,0000055-65.2023.5.08.0011
TRT8,2023-05-31,0000718-27.2022.5.08.0018
TRT8,2023-05-31,0000880-49.2022.5.08.0106
TRT8,2023-05-30,0000615-65.2023.5.08.0121
TRT8,2023-05-30,0000645-02.2019.5.08.0005
TRT8,2023-05-30,0000633-66.2021.5.08.0118
TRT8,2023-05-30,0000433-60.2015.5.08.0121
TRT8,2023-05-29,0000198-57.2023.5.08.0107
TRT8,2023-05-29,0000001-96.2023.5.08.0206
TRT8,2023-05-29,0000102-60.2019.5.08.0114
TRT8,2023-05-29,0000316-05.2015.5.08.0013
TRT8,2023-05-29,0000146-62.2022.5.08.0118
TRT8,2023-05-29,0000428-88.2021.5.08.0101
TRT8,2023-05-29,0010224-32.2015.5.08.0128
TRT8,2023-05-26,0000371-46.2022.5.08.0130
TRT8,2023-05-26,0000199-52.2022.5.08.0115
TRT8,2023-05-25,0000545-91.2022.5.08.0118
TRT8,2023-05-25,0000923-38.2022.5.08.0121
TRT8,2023-05-25,0000744-55.2022.5.08.0105
TRT8,2023-05-25,0000264-14.2021.5.08.0105
TRT8,2023-05-25,0000492-42.2020.5.08.0131
TRT8,2023-05-24,0000583-78.2023.5.08.0115
TRT8,2023-05-24,0000531-95.2021.5.08.0101
TRT8,2023-05-24,0000697-51.2022.5.08.0115
TRT8,2023-05-24,0000239-92.2021.5.08.0107
TRT8,2023-05-23,0000076-50.2023.5.08.0105
TRT8,2023-05-23,0000960-38.2022.5.08.0130
TRT8,2023-05-23,0000480-32.2022.5.08.0107
TRT8,2023-05-23,0000868-02.2017.5.08.0109
TRT8,2023-05-23,0000079-05.2023.5.08.0105
TRT8,2023-05-23,0000078-20.2023.5.08.0105
TRT8,2023-05-23,0000669-38.2022.5.08.0130
TRT8,2023-05-23,0000295-64.2022.5.08.0116
TRT8,2023-05-23,0000634-47.2022.5.08.0011
TRT8,2023-05-22,0000306-23.2022.5.08.0107
TRT8,2023-05-22,0000187-10.2023.5.08.0113
TRT8,2023-05-22,0000182-15.2023.5.08.0007
TRT8,2023-05-22,0000392-19.2022.5.08.0131
TRT8,2023-05-19,0000019-18.2022.5.08.0121
TRT8,2023-05-18,0000213-85.2021.5.08.0013
TRT8,2023-05-18,0000018-69.2023.5.08.0130
TRT8,2023-05-18,0000080-49.2022.5.08.0129
TRT8,2023-05-18,0000258-21.2023.5.08.0110
TRT8,2023-05-18,0000588-68.2017.5.08.0129
TRT8,2023-05-17,0000556-74.2022.5.08.0101
TRT8,2023-05-17,0000279-37.2022.5.08.0108
TRT8,2023-05-17,0001269-83.2017.5.08.0114
TRT8,2023-05-17,0000202-52.2023.5.08.0121
TRT8,2023-05-16,0000070-89.2023.5.08.0122
TRT8,2023-05-16,0000280-09.2023.5.08.0101
TRT8,2023-05-16,0000561-15.2021.5.08.0107
TRT8,2023-05-16,0001755-26.2016.5.08.0010
TRT8,2023-05-15,0001410-35.2017.5.08.0201
TRT8,2023-05-15,0000205-48.2020.5.08.0012
TRT8,2023-05-15,0000648-90.2020.5.08.0208
TRT8,2023-05-15,0000331-15.2022.5.08.0114
TRT8,2023-05-15,0000245-07.2023.5.08.0018
TRT8,2023-05-15,0000655-29.2022.5.08.0009
TRT8,2023-05-12,0000291-19.2021.5.08.0130
TRT8,2023-05-12,0000102-60.2019.5.08.0114
TRT8,2023-05-12,0000391-67.2022.5.08.0120
TRT8,2023-05-12,0000167-47.2022.5.08.0018
TRT8,2023-05-12,0000416-13.2022.5.08.0110
TRT8,2023-05-11,0000052-98.2023.5.08.0015
TRT8,2023-05-11,0000600-25.2020.5.08.0114
TRT8,2023-05-11,0000401-65.2022.5.08.0103
TRT8,2023-05-11,0000548-16.2021.5.08.0010
TRT8,2023-05-10,0000558-20.2022.5.08.0109
TRT8,2023-05-10,0000651-14.2022.5.08.0131
TRT8,2023-05-10,0000308-74.2023.5.08.0101
TRT8,2023-05-10,0000134-30.2021.5.08.0103
TRT8,2023-05-10,0000527-43.2021.5.08.0009
TRT8,2023-05-10,0000168-68.2023.5.08.0124
TRT8,2023-05-10,0000714-08.2022.5.08.0109
TRT8,2023-05-09,0000796-91.2022.5.08.0124
TRT8,2023-05-09,0000649-10.2022.5.08.0110
TRT8,2023-05-09,0000134-32.2019.5.08.0125
TRT8,2023-05-09,0000700-69.2019.5.08.0128
TRT8,2023-05-09,0000155-05.2023.5.08.0113
TRT8,2023-05-08,0000789-60.2017.5.08.0129
TRT8,2023-05-08,0000439-32.2022.5.08.0118
TRT8,2023-05-08,0000198-21.2022.5.08.0001
TRT8,2023-05-08,0000409-27.2022.5.08.0011
TRT8,2023-05-08,0000018-14.2023.5.08.0116
TRT8,2023-05-08,0000826-48.2015.5.08.0003
TRT8,2023-05-08,0000482-66.2022.5.08.0118
TRT8,2023-05-08,0000921-05.2021.5.08.0121
TRT8,2023-05-06,0000283-53.2022.5.08.0115
TRT8,2023-05-05,0000525-03.2022.5.08.0118
TRT8,2023-05-05,0000369-44.2019.5.08.0110
TRT8,2023-05-05,0000559-15.2017.5.08.0130
TRT8,2023-05-04,0000278-25.2017.5.08.0109
TRT8,2023-05-04,0000383-84.2022.5.08.0122
TRT8,2023-05-04,0000709-53.2021.5.08.0001
TRT8,2023-05-04,0000489-59.2021.5.08.0129
TRT8,2023-05-04,0000484-81.2022.5.08.0103
TRT8,2023-05-04,0000005-30.2023.5.08.0111
TRT8,2023-05-04,0000648-90.2020.5.08.0208
TRT8,2023-05-03,0000185-58.2023.5.08.0107
TRT8,2023-05-03,0000812-21.2021.5.08.0111
TRT8,2023-05-02,0000621-97.2022.5.08.0124
TRT8,2023-05-02,0000311-90.2023.5.08.0113
TRT8,2023-05-02,0000146-10.2022.5.08.0103
TRT8,2023-05-02,0000214-35.2023.5.08.0002
TRT8,2023-05-02,0000714-90.2022.5.08.0114
TRT8,2023-05-02,0000363-84.2022.5.08.0125
TRT8,2023-05-02,0000039-17.2023.5.08.0107
TRT8,2023-04-28,0000693-48.2017.5.08.0128
TRT8,2023-04-28,0000024-58.2022.5.08.0115
TRT8,2023-04-28,0000215-72.2023.5.08.0114
TRT8,2023-04-28,0000612-17.2022.5.08.0131
TRT8,2023-04-27,0000211-75.2022.5.08.0015
TRT8,2023-04-27,0000521-30.2022.5.08.0129
TRT8,2023-04-27,0000130-44.2023.5.08.0128
TRT8,2023-04-26,0001269-83.2017.5.08.0114
TRT8,2023-04-26,0000806-35.2022.5.08.0125
TRT8,2023-04-25,0000080-98.2020.5.08.0103
TRT8,2023-04-25,0000084-37.2022.5.08.0113
TRT8,2023-04-25,0000487-91.2022.5.08.0117
TRT8,2023-04-25,0000466-88.2021.5.08.0105
TRT8,2023-04-24,0000852-57.2022.5.08.0114
TRT8,2023-04-24,0000520-72.2022.5.08.0120
TRT8,2023-04-20,0000222-64.2023.5.08.0114
TRT8,2023-04-20,0000126-40.2023.5.08.0117
TRT8,2023-04-20,0000287-80.2023.5.08.0010
TRT8,2023-04-20,0000133-45.2021.5.08.0103
TRT8,2023-04-19,0000343-20.2018.5.08.0130
TRT8,2023-04-19,0000164-25.2022.5.08.0008
TRT8,2023-04-19,0000082-36.2023.5.08.0209
TRT8,2023-04-19,0000045-42.2023.5.08.0101
TRT8,2023-04-19,0000443-70.2021.5.08.0129
TRT8,2023-04-18,0000737-75.2022.5.08.0004
TRT8,2023-04-18,0000081-85.2022.5.08.0209
TRT8,2023-04-18,0000799-46.2022.5.08.0124
TRT8,2023-04-18,0000776-07.2020.5.08.0113
TRT8,2023-04-17,0000737-75.2022.5.08.0004
TRT8,2023-04-17,0000384-93.2022.5.08.0114
TRT8,2023-04-16,0001234-16.2018.5.08.0106
TRT8,2023-04-14,0000740-14.2020.5.08.0129
TRT8,2023-04-14,0000316-68.2021.5.08.0118
TRT8,2023-04-14,0000530-04.2022.5.08.0125
TRT8,2023-04-14,0000471-71.2021.5.08.0118
TRT8,2023-04-13,0000013-71.2023.5.08.0122
TRT8,2023-04-13,0000800-31.2022.5.08.0124
TRT8,2023-04-13,0000023-64.2022.5.08.0118
TRT8,2023-04-13,0000014-10.2023.5.08.0008
TRT8,2023-04-12,0000443-57.2022.5.08.0122
TRT8,2023-04-12,0000160-47.2020.5.08.0108
TRT8,2023-04-12,0000065-93.2016.5.08.0128
TRT8,2023-04-12,0000302-48.2021.5.08.0130
TRT8,2023-04-12,0000172-69.2022.5.08.0018
TRT8,2023-04-12,0000565-58.2021.5.08.0105
TRT8,2023-04-11,0000387-94.2022.5.08.0131
TRT8,2023-04-11,0001612-82.2017.5.08.0016
TRT8,2023-04-11,0000206-16.2019.5.08.0126
TRT8,2023-04-11,0000032-29.2022.5.08.0117
TRT8,2023-04-10,0000476-75.2020.5.08.0103
TRT8,2023-04-10,0000712-57.2021.5.08.0114
TRT8,2023-04-10,0000048-49.2023.5.08.0116
TRT8,2023-04-04,0000697-03.2022.5.08.0131
TRT8,2023-04-04,0000132-62.2019.5.08.0125
TRT8,2023-04-04,0000337-12.2023.5.08.0106
TRT8,2023-04-03,0000116-85.2022.5.08.0131
TRT8,2023-04-03,0000281-22.2022.5.08.0103
TRT8,2023-04-03,0000333-93.2019.5.08.0209
TRT8,2023-04-03,0000374-82.2022.5.08.0103
TRT8,2023-03-31,0000148-93.2021.5.08.0109
TRT8,2023-03-31,0000002-49.2021.5.08.0110
TRT8,2023-03-31,0000185-62.2022.5.08.0117
TRT8,2023-03-31,0000550-95.2022.5.08.0124
TRT8,2023-03-31,0001143-95.2020.5.08.0124
TRT8,2023-03-31,0000062-94.2023.5.08.0128
TRT8,2023-03-31,0000700-89.2021.5.08.0131
TRT8,2023-03-31,0000665-35.2020.5.08.0012
TRT8,2023-03-31,0000680-03.2022.5.08.0119
TRT8,2023-03-31,0000612-90.2021.5.08.0118
TRT8,2023-03-30,0000466-94.2022.5.08.0124
TRT8,2023-03-29,0000767-80.2022.5.08.0014
TRT8,2023-03-29,0000709-59.2018.5.08.0130
TRT8,2023-03-29,0000779-55.2022.5.08.0124
TRT8,2023-03-28,0000443-57.2022.5.08.0122
TRT8,2023-03-28,0000009-81.2021.5.08.0129
TRT8,2023-03-28,0000219-91.2018.5.08.0209
TRT8,2023-03-28,0000151-16.2020.5.08.0131
TRT8,2023-03-28,0000782-86.2022.5.08.0131
TRT8,2023-03-27,0000516-57.2021.5.08.0124
TRT8,2023-03-27,0000746-10.2022.5.08.0110
TRT8,2023-03-27,0000757-51.2022.5.08.0009
TRT8,2023-03-27,0000158-48.2023.5.08.0019
TRT8,2023-03-27,0000254-33.2022.5.08.0105
TRT8,2023-03-27,0000731-56.2022.5.08.0105
TRT8,2023-03-27,0000018-08.2023.5.08.0118
TRT8,2023-03-25,0000145-87.2021.5.08.0126
TRT8,2023-03-25,0000067-59.2022.5.08.0126
TRT8,2023-03-24,0001178-50.2018.5.08.0116
TRT8,2023-03-24,0000021-06.2022.5.08.0018
TRT8,2023-03-24,0000374-34.2022.5.08.0119
TRT8,2023-03-24,0000222-76.2023.5.08.0013
TRT8,2023-03-24,0000132-14.2023.5.08.0128
TRT8,2023-03-23,0000295-92.2017.5.08.0131
TRT8,2023-03-23,0000130-44.2023.5.08.0128
TRT8,2023-03-22,0000863-83.2022.5.08.0115
TRT8,2023-03-22,0000469-73.2022.5.08.0116
TRT8,2023-03-21,0000363-59.2022.5.08.0101
TRT8,2023-03-21,0000724-67.2018.5.08.0117
TRT8,2023-03-20,0000026-83.2022.5.08.0129
TRT8,2023-03-20,0000487-91.2022.5.08.0117
TRT8,2023-03-17,0000694-33.2021.5.08.0018
TRT8,2023-03-17,0000419-17.2022.5.08.0126
TRT8,2023-03-17,0000185-62.2022.5.08.0117
TRT8,2023-03-17,0000700-89.2021.5.08.0131
TRT8,2023-03-16,0000306-15.2021.5.08.0121
TRT8,2023-03-16,0000547-64.2022.5.08.0117
TRT8,2023-03-16,0000008-07.2022.5.08.0018
TRT8,2023-03-16,0000276-53.2021.5.08.0129
TRT8,2023-03-15,0000461-17.2022.5.08.0110
TRT8,2023-03-15,0000502-24.2022.5.08.0129
TRT8,2023-03-15,0000042-42.2023.5.08.0116
TRT8,2023-03-15,0000826-23.2022.5.08.0126
TRT8,2023-03-14,0000019-23.2023.5.08.0205
TRT8,2023-03-14,0000039-17.2023.5.08.0107
TRT8,2023-03-14,0000698-93.2019.5.08.0130
TRT8,2023-03-14,0000211-36.2021.5.08.0007
TRT8,2023-03-14,0000010-86.2023.5.08.0132
TRT8,2023-03-14,0000709-19.2022.5.08.0001
TRT8,2023-03-14,0000820-83.2021.5.08.0115
TRT8,2023-03-14,0000345-51.2021.5.08.0011
TRT8,2023-03-14,0000007-03.2023.5.08.0013
TRT8,2023-03-13,0001410-35.2017.5.08.0201
TRT8,2023-03-13,0000185-81.2021.5.08.0122
TRT8,2023-03-13,0000616-97.2020.5.08.0107
TRT8,2023-03-10,0000828-08.2021.5.08.0003
TRT8,2023-03-10,0000051-25.2023.5.08.0109
TRT8,2023-03-10,0000077-35.2023.5.08.0105
TRT8,2023-03-09,0000217-06.2022.5.08.0105
TRT8,2023-03-09,0000576-29.2022.5.08.0113
TRT8,2023-03-08,0000582-27.2022.5.08.0116
TRT8,2023-03-08,0000619-24.2021.5.08.0105
TRT8,2023-03-07,0000782-85.2022.5.08.0002
TRT8,2023-03-07,0000745-22.2022.5.08.0014
TRT8,2023-03-07,0000051-25.2023.5.08.0109
TRT8,2023-03-07,0000216-97.2022.5.08.0015
TRT8,2023-03-07,0001153-88.2019.5.08.0120
TRT8,2023-03-06,0000596-20.2022.5.08.0113
TRT8,2023-03-06,0000734-93.2022.5.08.0207
TRT8,2023-03-05,0000511-23.2020.5.08.0107
TRT8,2023-03-05,0000385-11.2022.5.08.0007
TRT8,2023-03-03,0000005-24.2023.5.08.0210
TRT8,2023-03-03,0000157-21.2022.5.08.0012
TRT8,2023-03-03,0000742-85.2022.5.08.0105
TRT8,2023-03-02,0000624-86.2021.5.08.0124
TRT8,2023-03-02,0000005-24.2023.5.08.0210
TRT8,2023-03-02,0000268-27.2021.5.08.0016
TRT8,2023-03-02,0000289-18.2021.5.08.0011
TRT8,2023-03-02,0000723-04.2022.5.08.0130
TRT8,2023-03-02,0000256-14.2020.5.08.0124
TRT8,2023-03-01,0000825-83.2022.5.08.0014
TRT8,2023-03-01,0000930-91.2016.5.08.0007
TRT8,2023-02-28,0000915-34.2021.5.08.0109
TRT8,2023-02-28,0000284-78.2021.5.08.0016
TRT8,2023-02-28,0000275-04.2021.5.08.0118
TRT8,2023-02-28,0000814-36.2017.5.08.0109
TRT8,2023-02-28,0000264-43.2019.5.08.0118
TRT8,2023-02-27,0000208-09.2021.5.08.0128
TRT8,2023-02-27,0001212-91.2019.5.08.0115
TRT8,2023-02-27,0000046-08.2021.5.08.0130
TRT8,2023-02-27,0000127-89.2022.5.08.0107
TRT8,2023-02-27,0010993-18.2015.5.08.0103
TRT8,2023-02-27,0000405-90.2022.5.08.0107
TRT8,2023-02-26,0000245-41.2022.5.08.0115
TRT8,2023-02-26,0000124-47.2021.5.08.0115
TRT8,2023-02-24,0000678-57.2022.5.08.0111
TRT8,2023-02-24,0000251-84.2022.5.08.0103
TRT8,2023-02-23,0000457-35.2022.5.08.0124
TRT8,2023-02-23,0000547-76.2022.5.08.0113
TRT8,2023-02-22,0000616-97.2020.5.08.0107
TRT8,2023-02-22,0000718-27.2022.5.08.0018
TRT8,2023-02-22,0000592-69.2021.5.08.0128
TRT8,2023-02-22,0000106-38.2022.5.08.0132
TRT8,2023-02-16,0000531-54.2020.5.08.0126
TRT8,2023-02-16,0000257-61.2022.5.08.0113
TRT8,2023-02-16,0000540-34.2015.5.08.0209
TRT8,2023-02-16,0000466-15.2022.5.08.0118
TRT8,2023-02-15,0000402-09.2020.5.08.0107
TRT8,2023-02-15,0000013-64.2019.5.08.0105
TRT8,2023-02-15,0000070-89.2023.5.08.0122
TRT8,2023-02-15,0000018-14.2023.5.08.0116
TRT8,2023-02-15,0000265-35.2022.5.08.0114
TRT8,2023-02-15,0000568-25.2022.5.08.0122
TRT8,2023-02-15,0000533-71.2022.5.08.0120
TRT8,2023-02-14,0000316-05.2015.5.08.0013
TRT8,2023-02-14,0000695-36.2021.5.08.0012
TRT8,2023-02-14,0000634-15.2021.5.08.0130
TRT8,2023-02-14,0000029-07.2023.5.08.0128
TRT8,2023-02-14,0000462-76.2021.5.08.0129
TRT8,2023-02-14,0000503-24.2022.5.08.0124
TRT8,2023-02-14,0000831-44.2019.5.08.0128
TRT8,2023-02-14,0000519-11.2022.5.08.0113
TRT8,2023-02-14,0000375-58.2022.5.08.0106
TRT8,2023-02-14,0000096-52.2021.5.08.0124
TRT8,2023-02-13,0000692-63.2021.5.08.0115
TRT8,2023-02-13,0000462-84.2022.5.08.0115
TRT8,2023-02-13,0000530-07.2022.5.08.0124
TRT8,2023-02-13,0000850-97.2021.5.08.0122
TRT8,2023-02-13,0000740-14.2020.5.08.0129
TRT8,2023-02-13,0000055-36.2022.5.08.0129
TRT8,2023-02-13,0000769-29.2022.5.08.0118
TRT8,2023-02-13,0000649-98.2022.5.08.0113
TRT8,2023-02-13,0000665-88.2022.5.08.0004
TRT8,2023-02-10,0000136-94.2022.5.08.0125
TRT8,2023-02-10,0000124-62.2021.5.08.0110
TRT8,2023-02-10,0000054-97.2021.5.08.0125
TRT8,2023-02-10,0000043-13.2022.5.08.0132
TRT8,2023-02-10,0000778-37.2021.5.08.0114
TRT8,2023-02-10,0000478-35.2022.5.08.0116
TRT8,2023-02-10,0000610-23.2021.5.08.0118
TRT8,2023-02-10,0000996-36.2014.5.08.0106
TRT8,2023-02-09,0000467-97.2022.5.08.0118
TRT8,2023-02-09,0000610-23.2021.5.08.0118
TRT8,2023-02-09,0000108-71.2022.5.08.0111
TRT8,2023-02-09,0000509-37.2022.5.08.0122
TRT8,2023-02-09,0000908-80.2014.5.08.0014
TRT8,2023-02-08,0002581-64.2016.5.08.0103
TRT8,2023-02-08,0000592-69.2021.5.08.0128
TRT8,2023-02-08,0000310-21.2022.5.08.0120
TRT8,2023-02-08,0010046-43.2016.5.08.0130
TRT8,2023-02-08,0000901-62.2022.5.08.0126
TRT8,2023-02-08,0000747-68.2018.5.08.0131
TRT8,2023-02-07,0000665-93.2019.5.08.0101
TRT8,2023-02-07,0001143-95.2020.5.08.0124
TRT8,2023-02-06,0000070-89.2023.5.08.0122
TRT8,2023-02-06,0000681-67.2022.5.08.0125
TRT8,2023-02-06,0000796-91.2022.5.08.0124
TRT8,2023-02-06,0001109-07.2016.5.08.0013
TRT8,2023-02-06,0000484-06.2021.5.08.0107
TRT8,2023-02-04,0000102-60.2019.5.08.0114
TRT8,2023-02-03,0000165-16.2022.5.08.0103
TRT8,2023-02-03,0000696-45.2022.5.08.0122
TRT8,2023-02-03,0000038-78.2023.5.08.0124
TRT8,2023-02-02,0000541-12.2021.5.08.0208
TRT8,2023-02-01,0000038-03.2021.5.08.0107
TRT8,2023-02-01,0000026-58.2022.5.08.0105
TRT8,2023-02-01,0000791-14.2017.5.08.0005
TRT8,2023-02-01,0000279-37.2022.5.08.0108
TRT8,2023-02-01,0001409-66.2017.5.08.0131
TRT8,2023-01-31,0000700-94.2022.5.08.0118
TRT8,2023-01-31,0000026-88.2023.5.08.0116
TRT8,2023-01-30,0000576-72.2021.5.08.0110
TRT8,2023-01-30,0000864-03.2019.5.08.0106
TRT8,2023-01-30,0000287-45.2021.5.08.0012
TRT8,2023-01-29,0000800-31.2022.5.08.0124
TRT8,2023-01-27,0000975-90.2019.5.08.0007
TRT8,2023-01-27,0000027-65.2022.5.08.0130
TRT8,2023-01-25,0000875-97.2017.5.08.0107
TRT8,2023-01-25,0000554-77.2022.5.08.0013
TRT8,2023-01-25,0000093-29.2022.5.08.0103
TRT8,2023-01-24,0000018-47.2023.5.08.0105
TRT8,2023-01-24,0000289-18.2021.5.08.0011
TRT8,2023-01-24,0000319-50.2021.5.08.0109
TRT8,2023-01-23,0000050-75.2021.5.08.0120
TRT8,2023-01-23,0000002-70.2021.5.08.0103
TRT8,2023-01-21,0000716-52.2020.5.08.0107
TRT8,2023-01-20,0000584-11.2019.5.08.0113
TRT8,2023-01-20,0000368-94.2022.5.08.0129
TRT8,2023-01-20,0000023-10.2021.5.08.0115
TRT8,2023-01-20,0000507-16.2021.5.08.0118
TRT8,2023-01-19,0000763-10.2022.5.08.0122
TRT8,2023-01-19,0000530-07.2022.5.08.0124
TRT8,2023-01-19,0000079-54.2022.5.08.0003
TRT8,2023-01-17,0000275-04.2021.5.08.0118
TRT8,2023-01-17,0000900-81.2020.5.08.0115
TRT8,2023-01-17,0000814-30.2022.5.08.0119
TRT8,2023-01-16,0000559-15.2017.5.08.0130
TRT8,2023-01-15,0000616-97.2020.5.08.0107
TRT8,2023-01-13,0000100-37.2022.5.08.0130
TRT8,2023-01-13,0000482-70.2021.5.08.0128
TRT8,2023-01-13,0000411-70.2022.5.08.0116
TRT8,2023-01-13,0000392-58.2022.5.08.0118
TRT8,2023-01-11,0000996-36.2014.5.08.0106
TRT8,2023-01-10,0000634-14.2021.5.08.0001
TRT8,2023-01-09,0000261-92.2022.5.08.0018
TRT8,2023-01-06,0000557-50.2022.5.08.0007
